date,avg_temp,min_temp,max_temp,avg_humidity,hours_rh_above_90,total_rain,rolling_3d_rain,rolling_3d_humidity,disease_outbreak
2019-01-01,9.75,3.6,16.8,82.17,15,0.0,0.0,82.17,0
2019-01-02,11.51,7.0,18.3,83.08,13,1.1,1.1,82.62,0
2019-01-03,10.64,5.4,18.4,78.17,13,0.0,1.1,81.14,0
2019-01-04,9.85,3.5,16.8,78.25,9,0.0,1.1,79.83,1
2019-01-05,10.23,7.1,14.8,84.79,13,6.2,6.2,80.4,1
2019-01-06,10.52,6.9,16.0,84.25,16,1.7,7.9,82.43,1
2019-01-07,10.3,5.5,17.3,78.71,11,0.0,7.9,82.58,1
2019-01-08,10.69,5.6,17.4,78.21,11,0.0,1.7,80.39,1
2019-01-09,9.55,3.4,17.4,80.29,12,0.0,0.0,79.07,1
2019-01-10,10.04,3.1,16.9,75.33,10,0.0,0.0,77.94,1
2019-01-11,11.6,6.7,17.9,75.46,9,2.8,2.8,77.03,1
2019-01-12,11.48,6.2,18.2,80.83,13,1.6,4.4,77.21,1
2019-01-13,11.78,7.2,18.0,76.83,10,0.0,4.4,77.71,1
2019-01-14,8.72,3.3,16.2,73.62,6,0.0,1.6,77.09,1
2019-01-15,8.65,2.0,16.4,75.12,10,0.0,0.0,75.19,1
2019-01-16,9.95,4.3,16.6,77.46,12,0.0,0.0,75.4,1
2019-01-17,9.44,3.2,17.8,83.5,16,0.0,0.0,78.69,1
2019-01-18,10.2,3.1,18.0,82.54,13,0.0,0.0,81.17,1
2019-01-19,12.9,7.5,20.4,79.17,15,0.8,0.8,81.74,1
2019-01-20,12.75,8.1,19.2,85.04,16,0.0,0.8,82.25,1
2019-01-21,11.9,9.5,13.9,92.83,24,12.3,13.1,85.68,1
2019-01-22,11.71,9.0,14.2,93.25,21,26.5,38.8,90.37,1
2019-01-23,10.38,6.0,16.7,86.04,14,1.9,40.7,90.71,1
2019-01-24,9.51,4.8,16.6,87.25,16,0.0,28.4,88.85,1
2019-01-25,8.67,3.7,15.4,79.67,10,0.0,1.9,84.32,1
2019-01-26,9.3,5.0,15.7,74.29,4,0.0,0.0,80.4,0
2019-01-27,7.73,2.3,15.3,79.46,13,0.0,0.0,77.81,0
2019-01-28,8.26,2.1,15.8,75.25,5,0.0,0.0,76.33,0
2019-01-29,8.12,1.7,16.0,76.54,9,0.0,0.0,77.08,0
2019-01-30,10.08,5.4,13.9,81.67,10,1.3,1.3,77.82,0
2019-01-31,10.59,8.0,14.5,85.88,17,4.1,5.4,81.36,0
2019-02-01,11.61,7.8,16.2,83.04,13,0.8,6.2,83.53,1
2019-02-02,10.91,5.0,18.5,83.08,15,0.0,4.9,84.0,1
2019-02-03,11.58,5.0,19.9,84.88,15,0.0,0.8,83.67,1
2019-02-04,12.9,7.4,19.9,84.21,17,0.0,0.0,84.06,1
2019-02-05,13.92,9.3,19.5,82.38,12,0.0,0.0,83.82,1
2019-02-06,14.0,10.2,19.9,85.79,15,27.2,27.2,84.13,1
2019-02-07,12.88,10.7,15.1,91.38,24,42.3,69.5,86.52,1
2019-02-08,10.68,5.7,16.7,81.33,14,0.0,69.5,86.17,1
2019-02-09,10.2,4.5,17.1,82.62,12,0.0,42.3,85.11,1
2019-02-10,11.42,5.3,17.4,79.92,13,0.0,0.0,81.29,1
2019-02-11,13.0,7.9,19.0,78.29,11,0.4,0.4,80.28,1
2019-02-12,13.5,8.5,19.2,85.21,16,0.0,0.4,81.14,1
2019-02-13,14.36,9.2,20.1,86.83,17,0.0,0.4,83.44,1
2019-02-14,13.9,9.6,19.3,91.71,19,20.8,20.8,87.92,1
2019-02-15,14.46,10.6,18.7,89.88,17,5.9,26.7,89.47,1
2019-02-16,13.38,9.8,19.1,88.71,17,0.2,26.9,90.1,1
2019-02-17,12.5,8.3,17.4,81.29,11,0.0,6.1,86.63,1
2019-02-18,12.7,9.7,16.7,84.33,15,8.1,8.3,84.78,1
2019-02-19,13.86,9.5,19.7,82.96,16,0.6,8.7,82.86,1
2019-02-20,15.56,10.3,20.8,81.42,13,6.3,15.0,82.9,1
2019-02-21,16.18,13.4,20.4,86.71,19,24.1,31.0,83.7,1
2019-02-22,14.29,10.0,19.3,83.17,11,0.4,30.8,83.77,1
2019-02-23,12.44,7.2,19.5,80.29,14,0.0,24.5,83.39,1
2019-02-24,13.43,7.6,19.8,75.21,10,0.0,0.4,79.56,1
2019-02-25,12.91,7.2,19.9,75.67,11,0.0,0.0,77.06,1
2019-02-26,12.49,9.5,16.3,80.96,10,3.0,3.0,77.28,1
2019-02-27,10.81,6.8,15.0,87.62,16,1.4,4.4,81.42,1
2019-02-28,11.21,5.3,17.5,80.42,12,0.0,4.4,83.0,1
2019-03-01,13.21,7.5,19.2,70.17,7,0.0,1.4,79.4,1
2019-03-02,13.12,11.3,15.1,81.21,8,7.8,7.8,77.27,1
2019-03-03,14.23,9.5,19.6,83.79,15,0.0,7.8,78.39,1
2019-03-04,14.09,9.6,20.2,85.12,15,1.9,9.7,83.37,1
2019-03-05,13.84,8.4,20.3,83.79,15,0.1,2.0,84.23,1
2019-03-06,15.01,9.3,21.4,74.0,9,0.0,2.0,80.97,1
2019-03-07,15.69,10.9,22.1,67.0,1,0.0,0.1,74.93,1
2019-03-08,14.07,8.1,20.6,78.25,10,0.0,0.0,73.08,1
2019-03-09,14.7,7.7,22.0,78.38,13,0.0,0.0,74.54,1
2019-03-10,15.62,9.5,22.8,66.25,0,0.0,0.0,74.29,1
2019-03-11,14.68,10.6,18.5,83.38,11,5.0,5.0,76.0,1
2019-03-12,14.9,8.1,22.4,77.29,12,0.0,5.0,75.64,1
2019-03-13,14.63,9.6,20.5,78.0,10,0.2,5.2,79.56,1
2019-03-14,15.03,9.0,21.8,77.71,12,1.0,1.2,77.67,1
2019-03-15,15.16,9.0,22.2,78.33,9,0.0,1.2,78.01,1
2019-03-16,15.78,8.6,22.9,73.17,7,0.0,1.0,76.4,1
2019-03-17,18.19,11.9,24.3,66.17,3,0.0,0.0,72.56,1
2019-03-18,18.85,12.6,25.4,71.5,6,0.0,0.0,70.28,1
2019-03-19,19.64,13.3,26.1,66.67,4,0.0,0.0,68.11,0
2019-03-20,18.87,13.8,25.1,66.75,2,2.4,2.4,68.31,0
2019-03-21,18.28,11.3,26.4,65.58,4,0.0,2.4,66.33,0
2019-03-22,17.7,10.8,25.8,63.5,4,0.0,2.4,65.28,1
2019-03-23,16.48,10.2,23.9,72.08,7,0.1,0.1,67.05,1
2019-03-24,16.93,11.4,23.2,80.58,13,0.2,0.3,72.05,1
2019-03-25,17.94,12.9,25.2,78.04,10,0.0,0.3,76.9,1
2019-03-26,18.73,11.3,26.9,72.46,10,0.0,0.2,77.03,1
2019-03-27,21.27,13.0,29.0,70.46,8,0.0,0.0,73.65,1
2019-03-28,23.05,14.8,30.1,68.46,7,0.0,0.0,70.46,1
2019-03-29,24.0,16.3,31.4,63.54,3,0.0,0.0,67.49,1
2019-03-30,23.26,16.7,30.8,62.62,2,0.0,0.0,64.87,0
2019-03-31,21.8,15.4,30.0,53.5,0,0.0,0.0,59.89,0
2019-04-01,21.41,12.4,30.2,53.67,0,0.0,0.0,56.6,0
2019-04-02,23.27,15.4,31.2,52.25,0,0.0,0.0,53.14,0
2019-04-03,24.16,17.7,32.1,54.54,0,0.0,0.0,53.49,0
2019-04-04,25.0,16.6,33.1,60.29,4,0.0,0.0,55.69,0
2019-04-05,24.76,17.9,33.8,66.54,6,1.0,1.0,60.46,0
2019-04-06,24.34,17.9,34.2,71.42,9,2.0,3.0,66.08,0
2019-04-07,25.25,17.0,33.6,56.75,5,0.0,3.0,64.9,0
2019-04-08,23.62,19.1,29.9,64.17,1,0.0,2.0,64.11,0
2019-04-09,24.54,16.8,32.4,58.75,4,0.0,0.0,59.89,0
2019-04-10,25.92,18.2,34.5,56.33,0,0.0,0.0,59.75,0
2019-04-11,25.63,19.4,33.5,51.62,0,0.0,0.0,55.57,0
2019-04-12,25.26,20.1,32.4,55.25,0,0.0,0.0,54.4,0
2019-04-13,24.84,19.9,31.8,61.12,0,0.0,0.0,56.0,0
2019-04-14,25.35,18.4,33.1,59.92,2,0.0,0.0,58.76,0
2019-04-15,26.65,19.4,34.7,54.54,0,0.0,0.0,58.53,0
2019-04-16,23.48,19.0,29.4,64.12,4,6.4,6.4,59.53,0
2019-04-17,18.89,16.9,23.3,89.42,21,31.1,37.5,69.36,1
2019-04-18,20.22,15.0,25.8,79.71,11,2.1,39.6,77.75,1
2019-04-19,21.82,14.9,28.5,70.83,7,0.0,33.2,79.99,1
2019-04-20,24.18,17.2,30.1,62.67,1,0.0,2.1,71.07,1
2019-04-21,25.4,20.1,31.6,62.17,0,0.0,0.0,65.22,0
2019-04-22,26.66,19.9,34.0,58.0,0,0.0,0.0,60.95,0
2019-04-23,27.69,20.6,35.4,53.21,0,0.2,0.2,57.79,0
2019-04-24,27.83,21.4,36.2,52.75,0,0.3,0.5,54.65,0
2019-04-25,27.58,21.0,36.5,54.54,0,0.0,0.5,53.5,0
2019-04-26,27.65,20.4,36.1,49.96,0,0.0,0.3,52.42,0
2019-04-27,26.99,19.1,35.6,45.96,0,0.0,0.0,50.15,0
2019-04-28,27.37,18.6,37.2,42.33,0,0.0,0.0,46.08,0
2019-04-29,28.18,19.3,36.3,38.62,0,0.0,0.0,42.3,0
2019-04-30,28.67,20.7,37.3,36.04,0,0.0,0.0,39.0,0
2019-05-01,29.11,21.1,36.7,34.12,0,0.0,0.0,36.26,0
2019-05-02,27.21,20.8,34.9,40.25,0,0.0,0.0,36.8,0
2019-05-03,26.7,18.3,34.9,40.38,0,0.0,0.0,38.25,0
2019-05-04,26.35,18.6,34.4,37.17,0,0.0,0.0,39.27,0
2019-05-05,27.08,19.2,35.6,33.5,0,0.0,0.0,37.02,0
2019-05-06,28.23,19.7,36.5,31.46,0,0.0,0.0,34.04,0
2019-05-07,28.27,17.7,37.8,30.54,0,0.0,0.0,31.83,0
2019-05-08,30.2,21.6,38.3,29.79,0,0.0,0.0,30.6,0
2019-05-09,30.44,21.6,38.9,31.04,0,0.0,0.0,30.46,0
2019-05-10,30.15,23.6,38.1,33.17,0,0.0,0.0,31.33,0
2019-05-11,28.78,22.9,36.0,41.88,0,0.0,0.0,35.36,0
2019-05-12,27.81,21.6,34.7,50.0,0,0.0,0.0,41.68,0
2019-05-13,29.07,21.5,36.5,44.54,0,0.0,0.0,45.47,0
2019-05-14,27.08,21.4,32.5,54.54,2,0.7,0.7,49.69,0
2019-05-15,27.45,21.2,34.4,55.38,0,4.4,5.1,51.49,0
2019-05-16,26.86,20.1,33.2,58.83,1,0.3,5.4,56.25,0
2019-05-17,24.63,21.7,30.3,71.83,7,19.9,24.6,62.01,0
2019-05-18,25.7,20.7,32.1,69.88,7,0.0,20.2,66.85,0
2019-05-19,27.81,21.7,34.4,53.0,0,0.0,19.9,64.9,0
2019-05-20,28.06,21.3,36.0,49.17,0,0.0,0.0,57.35,0
2019-05-21,29.37,20.9,36.4,44.33,0,0.0,0.0,48.83,0
2019-05-22,29.53,21.3,37.0,44.96,0,0.0,0.0,46.15,0
2019-05-23,28.74,23.5,35.2,51.12,0,0.1,0.1,46.8,0
2019-05-24,26.84,22.1,32.6,57.96,0,0.7,0.8,51.35,0
2019-05-25,26.64,19.9,33.1,58.0,1,0.0,0.8,55.69,0
2019-05-26,27.55,20.6,35.6,51.54,0,0.0,0.7,55.83,0
2019-05-27,29.09,21.2,37.2,42.83,0,0.0,0.0,50.79,0
2019-05-28,29.12,20.4,38.0,39.08,0,0.0,0.0,44.48,0
2019-05-29,30.89,22.1,38.9,37.25,0,0.0,0.0,39.72,0
2019-05-30,31.95,23.2,40.6,36.5,0,0.0,0.0,37.61,0
2019-05-31,33.2,25.0,41.1,35.0,0,0.0,0.0,36.25,0
2019-06-01,32.9,23.8,41.5,34.96,0,0.0,0.0,35.49,0
2019-06-02,32.9,23.5,39.9,39.58,0,0.1,0.1,36.51,0
2019-06-03,31.68,24.2,39.7,47.75,0,2.3,2.4,40.76,0
2019-06-04,31.37,27.1,39.6,51.25,0,0.6,3.0,46.19,0
2019-06-05,33.1,24.7,41.2,37.67,0,0.0,2.9,45.56,0
2019-06-06,32.44,24.6,40.2,34.92,0,0.0,0.6,41.28,0
2019-06-07,30.72,23.6,38.4,40.71,0,0.0,0.0,37.77,0
2019-06-08,31.94,25.2,39.8,38.17,0,0.0,0.0,37.93,0
2019-06-09,33.1,25.5,40.6,36.29,0,0.0,0.0,38.39,0
2019-06-10,34.32,26.3,41.4,32.5,0,0.0,0.0,35.65,0
2019-06-11,33.48,25.2,42.0,34.67,0,0.0,0.0,34.49,0
2019-06-12,33.16,29.4,38.6,35.71,0,0.0,0.0,34.29,0
2019-06-13,33.1,26.9,40.1,41.04,0,0.0,0.0,37.14,0
2019-06-14,32.02,24.6,40.1,30.08,0,0.0,0.0,35.61,0
2019-06-15,33.35,26.5,40.5,30.33,0,0.0,0.0,33.82,0
2019-06-16,31.09,26.6,36.7,47.33,0,0.1,0.1,35.91,0
2019-06-17,30.04,24.7,36.1,58.58,0,1.7,1.8,45.41,0
2019-06-18,27.93,23.5,32.3,67.21,1,0.1,1.9,57.71,0
2019-06-19,29.8,23.7,35.5,60.29,1,0.0,1.8,62.03,0
2019-06-20,29.79,25.1,35.4,59.08,0,0.0,0.1,62.19,0
2019-06-21,29.75,24.4,35.6,60.25,0,0.0,0.0,59.87,0
2019-06-22,31.62,24.6,37.5,49.71,0,0.0,0.0,56.35,0
2019-06-23,31.83,26.7,37.7,56.58,0,0.0,0.0,55.51,0
2019-06-24,30.09,27.0,34.2,66.42,0,1.3,1.3,57.57,0
2019-06-25,30.16,25.5,35.0,69.67,6,0.0,1.3,64.22,0
2019-06-26,32.36,26.3,38.2,56.21,6,0.0,1.3,64.1,0
2019-06-27,32.06,26.4,37.8,52.04,0,0.0,0.0,59.31,0
2019-06-28,32.38,25.5,38.4,53.58,0,0.0,0.0,53.94,0
2019-06-29,33.38,27.4,40.3,50.88,0,0.0,0.0,52.17,0
2019-06-30,32.57,26.8,38.5,54.08,0,0.1,0.1,52.85,0
2019-07-01,32.23,26.7,37.7,57.5,0,0.1,0.2,54.15,0
2019-07-02,33.12,26.8,39.0,53.42,0,0.0,0.2,55.0,0
2019-07-03,33.6,28.9,38.7,54.62,0,0.0,0.1,55.18,0
2019-07-04,32.84,29.9,38.0,61.71,0,0.0,0.0,56.58,0
2019-07-05,31.18,26.5,35.5,70.0,3,2.5,2.5,62.11,0
2019-07-06,31.22,27.2,35.4,71.92,2,2.6,5.1,67.88,0
2019-07-07,30.74,26.3,34.8,73.58,7,2.8,7.9,71.83,0
2019-07-08,31.76,28.1,36.4,69.58,1,0.0,5.4,71.69,0
2019-07-09,29.47,26.8,33.0,79.88,8,8.6,11.4,74.35,0
2019-07-10,29.42,26.0,33.1,81.29,13,3.3,11.9,76.92,0
2019-07-11,29.8,26.9,33.7,81.5,10,6.3,18.2,80.89,0
2019-07-12,28.99,26.1,32.4,83.75,12,28.9,38.5,82.18,0
2019-07-13,27.89,25.2,31.7,84.04,14,15.9,51.1,83.1,0
2019-07-14,26.66,24.6,29.7,88.0,18,8.6,53.4,85.26,0
2019-07-15,26.83,23.8,31.2,84.04,12,15.9,40.4,85.36,0
2019-07-16,25.83,23.8,29.5,87.17,16,18.5,43.0,86.4,0
2019-07-17,26.71,23.4,30.6,82.79,13,2.2,36.6,84.67,0
2019-07-18,28.02,24.3,31.6,82.67,12,4.3,25.0,84.21,0
2019-07-19,27.98,25.4,31.5,82.58,13,8.4,14.9,82.68,0
2019-07-20,28.57,25.4,32.8,84.58,13,3.1,15.8,83.28,0
2019-07-21,28.91,25.5,32.8,85.88,14,9.2,20.7,84.35,0
2019-07-22,30.03,26.5,33.3,80.54,8,0.2,12.5,83.67,0
2019-07-23,31.2,27.2,34.7,76.79,10,0.1,9.5,81.07,0
2019-07-24,31.05,28.1,35.3,78.12,10,1.7,2.0,78.48,0
2019-07-25,27.58,25.6,30.3,88.17,16,13.7,15.5,81.03,0
2019-07-26,27.71,25.5,31.3,86.08,14,4.5,19.9,84.12,0
2019-07-27,26.78,25.8,29.0,91.5,20,9.5,27.7,88.58,0
2019-07-28,28.14,25.6,31.5,86.12,14,7.7,21.7,87.9,0
2019-07-29,29.24,25.9,32.7,83.88,13,2.6,19.8,87.17,0
2019-07-30,29.03,26.8,31.8,86.0,13,6.7,17.0,85.33,0
2019-07-31,26.97,25.5,28.7,88.92,20,10.6,19.9,86.27,0
2019-08-01,27.19,25.2,30.4,89.96,17,13.0,30.3,88.29,0
2019-08-02,26.25,24.9,28.5,93.0,23,34.7,58.3,90.63,0
2019-08-03,27.75,24.5,31.8,88.0,14,11.1,58.8,90.32,0
2019-08-04,29.06,25.4,32.3,87.5,14,6.8,52.6,89.5,0
2019-08-05,30.05,26.8,33.1,84.12,12,0.7,18.6,86.54,0
2019-08-06,28.71,26.2,32.3,88.5,14,4.7,12.2,86.71,0
2019-08-07,28.78,25.6,32.5,82.71,9,0.2,5.6,85.11,0
2019-08-08,29.88,25.8,34.1,78.58,10,0.0,4.9,83.26,0
2019-08-09,28.07,26.3,31.3,88.58,17,10.1,10.3,83.29,0
2019-08-10,28.9,25.5,32.7,82.0,11,2.8,12.9,83.05,0
2019-08-11,29.6,26.8,32.6,82.62,13,2.0,14.9,84.4,0
2019-08-12,28.72,26.8,31.9,89.71,17,7.3,12.1,84.78,0
2019-08-13,28.59,25.7,32.2,86.79,15,19.6,28.9,86.37,0
2019-08-14,28.39,25.9,31.1,88.17,16,14.7,41.6,88.22,0
2019-08-15,28.8,25.8,32.8,86.38,13,3.4,37.7,87.11,0
2019-08-16,27.83,25.8,30.5,88.0,16,11.3,29.4,87.52,0
2019-08-17,25.83,24.3,26.7,93.67,24,60.8,75.5,89.35,0
2019-08-18,26.46,23.8,30.8,83.79,13,47.0,119.1,88.49,0
2019-08-19,26.4,24.0,30.1,86.71,15,4.6,112.4,88.06,0
2019-08-20,27.8,23.1,32.5,82.79,13,0.0,51.6,84.43,0
2019-08-21,28.43,23.9,33.2,81.04,11,0.0,4.6,83.51,0
2019-08-22,28.62,23.8,33.2,82.96,14,0.0,0.0,82.26,0
2019-08-23,28.97,25.1,32.6,84.08,13,0.6,0.6,82.69,0
2019-08-24,29.3,26.1,33.1,84.38,13,1.6,2.2,83.81,0
2019-08-25,28.25,25.7,31.2,84.46,14,1.1,3.3,84.31,0
2019-08-26,28.91,25.8,32.8,80.17,12,0.0,2.7,83.0,0
2019-08-27,29.74,25.9,33.3,79.96,10,0.3,1.4,81.53,0
2019-08-28,30.34,26.7,34.2,79.33,10,0.0,0.3,79.82,0
2019-08-29,30.11,26.2,34.2,81.62,13,0.3,0.6,80.3,0
2019-08-30,28.73,25.2,32.4,84.92,14,8.3,8.6,81.96,0
2019-08-31,29.74,26.0,33.4,82.12,12,1.0,9.6,82.89,0
2019-09-01,28.45,26.3,31.8,88.04,16,8.4,17.7,85.03,0
2019-09-02,28.46,25.7,32.0,83.29,10,0.7,10.1,84.48,0
2019-09-03,29.68,25.7,33.6,81.62,12,0.5,9.6,84.32,0
2019-09-04,29.48,26.2,33.8,82.75,14,4.2,5.4,82.55,0
2019-09-05,28.01,25.1,31.7,87.21,15,9.5,14.2,83.86,0
2019-09-06,28.7,25.8,32.7,85.0,13,1.2,14.9,84.99,0
2019-09-07,29.2,25.8,33.4,81.71,11,0.2,10.9,84.64,0
2019-09-08,28.94,26.0,32.8,83.38,13,1.0,2.4,83.36,0
2019-09-09,29.27,24.9,33.7,83.12,12,0.3,1.5,82.74,0
2019-09-10,29.72,25.7,34.0,81.79,11,0.0,1.3,82.76,0
2019-09-11,30.42,26.6,34.9,81.25,13,0.1,0.4,82.05,0
2019-09-12,30.33,26.8,34.6,81.62,11,0.4,0.5,81.55,0
2019-09-13,29.42,26.2,33.4,81.58,13,0.2,0.7,81.48,0
2019-09-14,28.84,25.9,33.1,81.62,12,0.3,0.9,81.61,0
2019-09-15,28.81,25.9,32.5,81.88,11,0.6,1.1,81.69,0
2019-09-16,28.49,25.1,32.6,81.29,12,1.4,2.3,81.6,0
2019-09-17,28.51,24.1,33.4,77.5,11,0.0,2.0,80.22,0
2019-09-18,27.59,24.6,32.0,80.54,10,1.3,2.7,79.78,0
2019-09-19,27.15,24.2,31.1,77.88,10,4.1,5.4,78.64,0
2019-09-20,27.22,23.7,31.9,78.04,10,0.1,5.5,78.82,0
2019-09-21,27.24,22.9,31.8,77.67,10,0.0,4.2,77.86,0
2019-09-22,27.51,23.5,32.3,75.29,8,0.0,0.1,77.0,0
2019-09-23,27.21,23.5,31.8,76.92,10,0.5,0.5,76.63,0
2019-09-24,27.51,23.0,32.2,74.54,8,0.4,0.9,75.58,0
2019-09-25,27.92,24.7,31.9,75.67,6,0.3,1.2,75.71,0
2019-09-26,27.22,24.2,31.3,79.21,12,3.8,4.5,76.47,0
2019-09-27,26.05,23.6,29.4,83.75,13,10.7,14.8,79.54,0
2019-09-28,25.6,23.0,29.7,85.67,15,9.9,24.4,82.88,1
2019-09-29,25.03,22.5,28.5,81.21,12,1.5,22.1,83.54,1
2019-09-30,23.99,21.7,27.0,86.96,15,2.9,14.3,84.61,1
2019-10-01,24.49,21.0,28.2,82.29,12,0.8,5.2,83.49,1
2019-10-02,25.0,20.5,30.0,79.54,9,0.0,3.7,82.93,1
2019-10-03,24.27,20.6,30.6,81.17,14,1.5,2.3,81.0,1
2019-10-04,23.32,20.1,28.3,82.88,13,0.2,1.7,81.2,1
2019-10-05,23.42,18.5,29.5,76.17,9,0.0,1.7,80.07,1
2019-10-06,23.39,18.0,28.6,77.5,8,0.0,0.2,78.85,1
2019-10-07,24.41,20.3,30.0,68.54,0,0.2,0.2,74.07,1
2019-10-08,23.8,18.2,29.5,69.92,5,0.0,0.2,71.99,1
2019-10-09,24.12,18.4,29.6,72.5,8,0.0,0.2,70.32,0
2019-10-10,24.17,19.2,30.1,76.12,8,0.0,0.0,72.85,0
2019-10-11,25.03,19.3,30.9,72.67,8,0.0,0.0,73.76,0
2019-10-12,24.76,19.3,30.7,72.67,8,0.0,0.0,73.82,0
2019-10-13,24.69,18.7,31.0,74.0,10,0.0,0.0,73.11,0
2019-10-14,25.17,19.7,31.5,74.79,8,0.0,0.0,73.82,1
2019-10-15,25.12,19.7,31.5,74.88,10,0.0,0.0,74.56,1
2019-10-16,24.81,20.2,30.2,77.21,10,0.1,0.1,75.63,1
2019-10-17,24.02,19.9,29.7,75.71,9,0.6,0.7,75.93,1
2019-10-18,22.91,19.1,28.8,75.21,11,0.1,0.8,76.04,1
2019-10-19,22.88,17.2,30.2,68.96,8,0.0,0.7,73.29,1
2019-10-20,22.27,16.1,29.7,68.17,5,0.0,0.1,70.78,1
2019-10-21,22.06,15.3,28.3,70.21,5,0.0,0.0,69.11,1
2019-10-22,22.21,15.6,29.6,65.21,6,0.0,0.0,67.86,1
2019-10-23,22.71,16.9,29.7,68.38,4,0.0,0.0,67.93,1
2019-10-24,23.15,17.2,29.7,69.71,8,0.0,0.0,67.77,1
2019-10-25,22.56,16.9,29.0,72.71,9,0.0,0.0,70.27,1
2019-10-26,22.91,17.0,28.9,72.12,8,0.0,0.0,71.51,1
2019-10-27,22.46,15.7,29.1,68.29,7,0.0,0.0,71.04,1
2019-10-28,22.36,16.5,29.0,72.67,7,0.0,0.0,71.03,1
2019-10-29,22.85,17.1,29.4,75.38,11,0.0,0.0,72.11,1
2019-10-30,23.38,17.9,29.5,75.42,11,0.0,0.0,74.49,1
2019-10-31,23.13,17.3,29.7,77.33,10,0.0,0.0,76.04,1
2019-11-01,22.71,17.1,28.3,77.5,9,0.0,0.0,76.75,1
2019-11-02,21.83,18.5,26.9,80.0,11,0.0,0.0,78.28,1
2019-11-03,20.92,17.9,27.7,82.12,14,2.8,2.8,79.87,1
2019-11-04,20.75,15.7,27.5,74.58,8,0.0,2.8,78.9,1
2019-11-05,20.98,14.9,28.2,67.46,7,0.0,2.8,74.72,1
2019-11-06,21.46,15.5,27.8,60.5,5,0.1,0.1,67.51,1
2019-11-07,19.52,15.9,22.5,73.08,5,14.4,14.5,67.01,1
2019-11-08,18.77,15.0,24.4,75.58,9,2.6,17.1,69.72,1
2019-11-09,18.29,12.9,25.2,73.71,8,0.0,17.0,74.12,1
2019-11-10,18.24,12.3,24.5,71.0,7,0.0,2.6,73.43,1
2019-11-11,18.14,13.9,23.5,71.58,4,0.0,0.0,72.1,1
2019-11-12,18.34,13.1,23.6,75.58,6,0.0,0.0,72.72,1
2019-11-13,17.81,13.3,22.3,84.38,15,0.0,0.0,77.18,1
2019-11-14,18.29,14.4,21.5,85.46,11,0.1,0.1,81.81,1
2019-11-15,19.18,15.9,23.2,78.17,7,4.2,4.3,82.67,1
2019-11-16,19.36,16.2,25.4,75.38,8,0.0,4.3,79.67,1
2019-11-17,17.64,12.5,24.5,80.17,12,0.0,4.2,77.91,1
2019-11-18,16.99,11.1,23.1,76.12,9,0.0,0.0,77.22,1
2019-11-19,17.07,11.9,23.7,73.79,7,0.0,0.0,76.69,1
2019-11-20,16.87,10.9,23.1,79.21,8,0.0,0.0,76.37,1
2019-11-21,16.25,11.0,21.8,85.46,16,0.0,0.0,79.49,1
2019-11-22,16.17,12.9,20.1,87.46,16,0.0,0.0,84.04,1
2019-11-23,18.08,13.9,23.4,77.33,11,0.0,0.0,83.42,1
2019-11-24,16.84,12.0,23.1,77.21,9,0.0,0.0,80.67,1
2019-11-25,16.35,11.2,22.7,76.33,11,0.0,0.0,76.96,1
2019-11-26,16.57,11.4,22.5,75.88,9,0.0,0.0,76.47,1
2019-11-27,16.17,13.0,19.2,85.83,15,8.0,8.0,79.35,1
2019-11-28,16.78,14.3,20.6,84.46,14,4.1,12.1,82.06,1
2019-11-29,15.91,12.3,20.4,84.5,15,1.2,13.3,84.93,1
2019-11-30,14.64,10.2,20.8,85.79,17,0.0,5.3,84.92,1
2019-12-01,15.01,9.8,20.9,79.96,10,0.0,1.2,83.42,1
2019-12-02,14.42,9.0,20.5,78.12,11,0.0,0.0,81.29,1
2019-12-03,12.9,7.7,19.7,82.96,16,0.0,0.0,80.35,1
2019-12-04,13.1,8.4,19.9,82.83,14,0.0,0.0,81.3,1
2019-12-05,12.28,6.6,19.6,83.46,15,0.0,0.0,83.08,1
2019-12-06,13.0,7.7,20.4,87.17,18,0.0,0.0,84.49,1
2019-12-07,13.26,7.5,20.9,84.33,17,0.0,0.0,84.99,1
2019-12-08,13.81,6.9,20.5,79.58,10,0.0,0.0,83.69,1
2019-12-09,12.63,7.1,18.1,83.46,16,0.0,0.0,82.46,1
2019-12-10,11.79,6.9,18.1,88.62,17,0.0,0.0,83.89,1
2019-12-11,12.23,7.0,18.9,85.71,15,0.0,0.0,85.93,1
2019-12-12,12.72,11.2,14.8,92.12,24,23.6,23.6,88.82,1
2019-12-13,13.08,10.3,15.6,91.12,19,35.4,59.0,89.65,1
2019-12-14,11.84,8.8,15.7,87.71,15,0.0,59.0,90.32,1
2019-12-15,11.36,8.2,17.1,87.62,17,0.0,35.4,88.82,1
2019-12-16,10.69,6.6,17.6,87.79,17,0.0,0.0,87.71,1
2019-12-17,9.71,6.0,16.3,89.83,18,0.0,0.0,88.41,1
2019-12-18,9.39,4.6,16.0,88.46,17,0.0,0.0,88.69,1
2019-12-19,9.12,4.7,15.0,91.88,19,0.0,0.0,90.06,1
2019-12-20,10.52,7.0,16.0,89.92,17,0.3,0.3,90.09,1
2019-12-21,10.46,6.5,16.8,91.71,18,0.0,0.3,91.17,1
2019-12-22,9.47,6.2,15.9,93.58,19,0.0,0.3,91.74,1
2019-12-23,8.99,5.4,14.8,92.92,20,0.0,0.0,92.74,1
2019-12-24,7.86,5.3,13.2,93.17,20,0.0,0.0,93.22,0
2019-12-25,7.41,3.6,12.2,92.42,20,0.0,0.0,92.84,0
2019-12-26,6.94,3.3,12.9,91.54,19,0.0,0.0,92.38,0
2019-12-27,5.42,2.7,10.3,94.62,20,0.0,0.0,92.86,0
2019-12-28,5.87,2.4,11.1,93.08,19,0.0,0.0,93.08,0
2019-12-29,5.89,2.5,10.8,90.88,19,0.0,0.0,92.86,0
2019-12-30,6.32,2.4,11.9,94.25,20,0.0,0.0,92.74,0
2019-12-31,6.38,2.6,12.5,92.21,20,0.0,0.0,92.45,0
2020-01-01,7.72,2.3,15.8,91.21,19,0.0,0.0,92.56,0
2020-01-02,9.94,5.0,17.2,91.38,19,0.0,0.0,91.6,0
2020-01-03,10.78,5.9,17.7,86.25,16,0.0,0.0,89.61,0
2020-01-04,11.4,5.7,17.1,84.67,16,0.0,0.0,87.43,1
2020-01-05,10.83,6.1,15.9,85.33,16,0.4,0.4,85.42,1
2020-01-06,10.69,9.8,11.9,92.38,23,12.8,13.2,87.46,1
2020-01-07,11.39,9.0,14.0,95.5,24,5.7,18.9,91.07,1
2020-01-08,10.48,5.4,14.6,87.92,17,2.9,21.4,91.93,1
2020-01-09,7.82,3.5,14.0,88.38,18,0.0,8.6,90.6,1
2020-01-10,7.87,3.0,14.2,85.04,17,0.0,2.9,87.11,1
2020-01-11,9.02,3.1,15.3,81.75,12,0.0,0.0,85.06,1
2020-01-12,11.57,7.2,15.7,81.21,10,0.0,0.0,82.67,1
2020-01-13,11.21,8.0,14.0,90.38,20,29.9,29.9,84.45,1
2020-01-14,9.4,5.6,14.9,90.21,18,0.0,29.9,87.27,1
2020-01-15,8.72,3.4,15.4,85.25,16,0.0,29.9,88.61,1
2020-01-16,9.29,4.1,15.6,89.33,17,0.0,0.0,88.26,1
2020-01-17,10.52,7.0,15.8,89.38,18,0.0,0.0,87.99,1
2020-01-18,10.82,6.7,16.1,87.5,17,0.3,0.3,88.74,1
2020-01-19,9.67,5.0,16.3,90.75,19,0.0,0.3,89.21,1
2020-01-20,11.0,5.3,16.3,80.42,11,0.1,0.4,86.22,1
2020-01-21,11.78,7.9,16.7,75.29,4,0.3,0.4,82.15,1
2020-01-22,10.19,5.0,17.4,79.5,10,0.0,0.4,78.4,1
2020-01-23,8.7,3.8,15.2,82.42,15,0.0,0.3,79.07,1
2020-01-24,9.07,2.6,16.3,79.21,10,0.0,0.0,80.38,1
2020-01-25,10.61,5.3,15.9,80.75,14,0.0,0.0,80.79,1
2020-01-26,10.75,5.7,17.8,86.67,15,0.0,0.0,82.21,1
2020-01-27,10.73,6.7,17.3,88.04,19,2.7,2.7,85.15,1
2020-01-28,11.7,8.5,14.9,91.67,22,16.4,19.1,88.79,1
2020-01-29,11.58,7.1,15.6,88.71,16,2.0,21.1,89.47,1
2020-01-30,9.53,5.1,15.8,89.71,17,0.0,18.4,90.03,1
2020-01-31,9.85,5.1,15.9,85.92,15,0.0,2.0,88.11,1
2020-02-01,10.26,4.3,16.0,84.88,16,0.0,0.0,86.84,1
2020-02-02,9.95,4.9,16.3,89.21,18,0.0,0.0,86.67,1
2020-02-03,10.1,5.1,16.9,87.0,15,0.0,0.0,87.03,1
2020-02-04,9.65,4.5,16.5,85.21,16,2.1,2.1,87.14,1
2020-02-05,9.26,4.5,16.1,88.62,17,0.0,2.1,86.94,1
2020-02-06,10.08,3.8,16.6,78.75,10,0.0,2.1,84.19,1
2020-02-07,11.27,5.2,17.0,78.67,8,0.0,0.0,82.01,1
2020-02-08,11.03,4.7,17.6,83.42,12,0.0,0.0,80.28,1
2020-02-09,11.87,5.4,18.8,81.96,11,0.0,0.0,81.35,1
2020-02-10,12.23,5.9,18.8,83.08,13,0.0,0.0,82.82,1
2020-02-11,12.35,5.9,19.2,83.42,13,0.0,0.0,82.82,1
2020-02-12,13.69,7.1,20.9,83.25,14,0.0,0.0,83.25,1
2020-02-13,15.46,9.7,23.1,79.04,9,0.0,0.0,81.9,1
2020-02-14,13.92,8.4,20.8,81.0,12,0.0,0.0,81.1,1
2020-02-15,13.82,7.1,20.9,71.88,5,0.0,0.0,77.31,1
2020-02-16,15.1,9.7,22.5,75.29,5,0.0,0.0,76.06,1
2020-02-17,15.01,9.5,21.5,74.79,6,0.0,0.0,73.99,1
2020-02-18,14.16,6.4,21.8,78.67,12,0.0,0.0,76.25,1
2020-02-19,15.9,8.9,21.6,72.71,9,0.1,0.1,75.39,1
2020-02-20,17.58,14.1,23.9,75.25,5,12.4,12.5,75.54,1
2020-02-21,15.76,11.1,20.2,81.88,11,8.7,21.2,76.61,1
2020-02-22,15.46,9.7,21.8,81.67,15,0.0,21.1,79.6,1
2020-02-23,16.71,11.1,22.8,80.21,9,0.0,8.7,81.25,1
2020-02-24,16.97,11.6,23.0,80.21,11,0.0,0.0,80.7,1
2020-02-25,17.27,10.7,23.7,76.54,9,0.0,0.0,78.99,1
2020-02-26,16.4,9.6,23.9,81.79,14,0.0,0.0,79.51,1
2020-02-27,17.53,12.1,23.9,84.29,13,0.0,0.0,80.87,1
2020-02-28,18.19,13.2,24.4,82.38,12,0.4,0.4,82.82,1
2020-02-29,17.5,13.9,22.4,83.88,13,5.6,6.0,83.52,1
2020-03-01,17.39,12.8,23.5,79.67,12,2.1,8.1,81.98,1
2020-03-02,17.67,11.9,23.5,80.42,13,0.0,7.7,81.32,1
2020-03-03,18.15,11.2,23.8,76.58,9,0.0,2.1,78.89,1
2020-03-04,17.66,10.9,24.4,76.58,11,0.3,0.3,77.86,1
2020-03-05,16.25,13.3,20.3,82.25,13,1.6,1.9,78.47,1
2020-03-06,14.97,13.1,16.4,87.54,19,15.5,17.4,82.12,1
2020-03-07,14.0,12.3,17.6,87.75,18,6.1,23.2,85.85,1
2020-03-08,15.12,9.0,21.7,80.25,13,0.0,21.6,85.18,1
2020-03-09,13.99,8.2,21.7,77.46,13,0.0,6.1,81.82,1
2020-03-10,15.22,8.7,22.0,71.42,10,0.0,0.0,76.38,1
2020-03-11,14.73,9.8,19.5,83.38,13,14.1,14.1,77.42,1
2020-03-12,16.18,14.0,21.1,85.88,18,34.3,48.4,80.23,1
2020-03-13,15.31,12.5,21.1,84.5,16,22.4,70.8,84.59,1
2020-03-14,13.82,10.5,17.8,88.25,15,8.9,65.6,86.21,1
2020-03-15,14.9,9.9,21.1,81.71,13,0.1,31.4,84.82,1
2020-03-16,15.93,9.8,22.8,81.46,13,0.0,9.0,83.81,1
2020-03-17,17.49,11.4,24.3,79.17,12,0.0,0.1,80.78,1
2020-03-18,18.55,12.8,24.0,80.04,11,0.0,0.0,80.22,1
2020-03-19,19.02,13.0,25.1,78.92,13,0.3,0.3,79.38,1
2020-03-20,19.0,12.5,26.0,78.17,13,0.0,0.3,79.04,1
2020-03-21,19.08,14.7,25.3,79.12,12,0.3,0.6,78.74,1
2020-03-22,18.95,12.2,25.9,76.88,12,0.0,0.3,78.06,1
2020-03-23,20.13,13.3,26.7,71.08,5,0.0,0.3,75.69,1
2020-03-24,19.54,16.1,24.1,78.62,5,1.1,1.1,75.53,1
2020-03-25,19.41,13.0,26.0,78.33,12,0.0,1.1,76.01,1
2020-03-26,20.03,13.4,25.5,79.0,8,0.0,1.1,78.65,1
2020-03-27,18.5,15.9,22.8,88.04,15,23.2,23.2,81.79,1
2020-03-28,18.88,15.1,24.0,78.5,11,0.8,24.0,81.85,1
2020-03-29,18.72,12.9,25.4,75.58,11,0.0,24.0,80.71,1
2020-03-30,18.5,12.8,24.8,76.12,11,0.0,0.8,76.73,1
2020-03-31,19.11,12.8,26.1,78.38,10,2.0,2.0,76.69,1
2020-04-01,19.96,13.8,27.1,69.33,5,0.0,2.0,74.61,1
2020-04-02,19.68,14.1,26.6,63.79,6,0.0,2.0,70.5,1
2020-04-03,19.0,11.7,26.3,65.83,4,0.0,0.0,66.32,1
2020-04-04,20.77,14.7,27.5,64.75,0,0.0,0.0,64.79,1
2020-04-05,20.88,13.5,28.2,68.58,7,0.0,0.0,66.39,1
2020-04-06,21.51,14.7,28.7,68.04,7,0.0,0.0,67.12,1
2020-04-07,20.16,14.5,27.9,71.83,9,0.0,0.0,69.48,1
2020-04-08,20.35,13.8,27.2,69.25,8,0.0,0.0,69.71,1
2020-04-09,21.86,14.4,29.3,66.38,5,0.0,0.0,69.15,1
2020-04-10,23.45,17.4,31.0,59.08,0,0.0,0.0,64.9,0
2020-04-11,23.77,16.0,31.2,61.5,3,0.0,0.0,62.32,0
2020-04-12,24.25,16.9,31.8,61.33,4,0.0,0.0,60.64,0
2020-04-13,26.05,17.9,33.3,60.33,1,0.0,0.0,61.05,0
2020-04-14,26.62,19.0,35.0,60.58,3,0.6,0.6,60.75,0
2020-04-15,27.73,21.0,35.0,50.08,0,0.1,0.7,57.0,0
2020-04-16,26.17,18.4,33.8,54.62,0,0.0,0.7,55.09,0
2020-04-17,24.35,22.6,27.1,54.58,0,1.7,1.8,53.09,0
2020-04-18,23.0,17.0,29.2,65.58,2,0.9,2.6,58.26,0
2020-04-19,23.18,17.5,29.8,64.04,1,0.1,2.7,61.4,0
2020-04-20,22.08,16.9,28.1,67.83,4,1.1,2.1,65.82,0
2020-04-21,22.47,15.6,29.3,59.29,0,0.0,1.2,63.72,0
2020-04-22,23.97,16.3,30.4,58.08,2,0.0,1.1,61.73,0
2020-04-23,25.37,18.7,32.5,52.0,0,0.0,0.0,56.46,0
2020-04-24,25.9,17.8,33.2,49.88,0,0.0,0.0,53.32,0
2020-04-25,25.91,18.9,32.6,54.79,0,0.0,0.0,52.22,0
2020-04-26,24.77,20.3,31.2,66.12,0,5.0,5.0,56.93,0
2020-04-27,21.9,18.7,26.2,82.29,14,30.4,35.4,67.73,0
2020-04-28,24.12,17.6,29.8,68.92,7,0.0,35.4,72.44,0
2020-04-29,26.11,18.6,32.3,63.25,3,0.0,30.4,71.49,0
2020-04-30,26.38,20.2,32.4,64.25,3,0.0,0.0,65.47,0
2020-05-01,27.19,19.3,34.7,61.88,4,0.0,0.0,63.13,0
2020-05-02,27.04,22.0,33.4,63.25,1,0.0,0.0,63.13,0
2020-05-03,26.53,21.1,33.0,61.88,3,1.9,1.9,62.34,0
2020-05-04,25.88,20.0,32.0,67.5,6,0.0,1.9,64.21,0
2020-05-05,26.52,20.9,32.4,53.83,2,0.6,2.5,61.07,0
2020-05-06,25.05,21.1,31.4,53.75,0,2.0,2.6,58.36,0
2020-05-07,25.72,17.9,32.8,51.67,0,0.0,2.6,53.08,0
2020-05-08,27.34,19.9,35.0,45.62,0,0.0,2.0,50.35,0
2020-05-09,27.68,20.3,36.0,49.17,0,0.4,0.4,48.82,0
2020-05-10,27.52,21.3,36.3,54.21,0,0.1,0.5,49.67,0
2020-05-11,27.8,22.1,34.3,57.17,0,0.0,0.5,53.52,0
2020-05-12,27.82,21.9,33.9,58.5,0,0.0,0.1,56.63,0
2020-05-13,27.88,23.7,32.9,58.08,0,0.5,0.5,57.92,0
2020-05-14,26.82,21.4,32.7,62.46,3,0.0,0.5,59.68,0
2020-05-15,27.45,20.7,34.7,50.88,0,0.0,0.5,57.14,0
2020-05-16,27.8,19.7,35.5,50.5,0,0.0,0.0,54.61,0
2020-05-17,28.33,20.4,35.8,46.5,0,0.0,0.0,49.29,0
2020-05-18,28.22,19.4,35.7,37.0,0,0.0,0.0,44.67,0
2020-05-19,27.49,20.6,35.4,36.17,0,0.0,0.0,39.89,0
2020-05-20,27.73,19.0,36.5,39.71,0,0.0,0.0,37.63,0
2020-05-21,28.96,19.2,38.4,37.21,0,0.0,0.0,37.7,0
2020-05-22,31.55,21.9,39.6,35.88,0,0.0,0.0,37.6,0
2020-05-23,32.15,24.4,39.9,34.29,0,0.0,0.0,35.79,0
2020-05-24,32.06,23.0,39.6,34.46,0,0.0,0.0,34.88,0
2020-05-25,32.9,24.5,40.7,35.04,0,0.0,0.0,34.6,0
2020-05-26,33.32,23.5,41.9,33.33,0,0.0,0.0,34.28,0
2020-05-27,32.71,24.1,40.7,33.83,0,0.0,0.0,34.07,0
2020-05-28,31.69,26.8,38.9,40.08,0,0.2,0.2,35.75,0
2020-05-29,29.6,25.1,34.4,55.0,0,0.2,0.4,42.97,0
2020-05-30,26.64,23.0,32.4,71.42,9,12.0,12.4,55.5,0
2020-05-31,25.03,21.6,30.2,75.83,10,11.3,23.5,67.42,0
2020-06-01,25.78,20.6,31.0,70.54,7,3.5,26.8,72.6,0
2020-06-02,27.5,20.6,33.2,62.46,4,0.0,14.8,69.61,0
2020-06-03,28.25,21.4,33.8,57.67,1,0.2,3.7,63.56,0
2020-06-04,29.25,22.9,35.3,53.58,0,0.0,0.2,57.9,0
2020-06-05,28.22,23.4,33.6,59.5,0,0.2,0.4,56.92,0
2020-06-06,25.57,23.7,29.5,73.88,2,4.1,4.3,62.32,0
2020-06-07,26.9,22.2,32.1,68.58,4,5.1,9.4,67.32,0
2020-06-08,28.74,22.3,34.9,62.58,3,0.0,9.2,68.35,0
2020-06-09,30.63,23.8,37.2,58.46,0,0.0,5.1,63.21,0
2020-06-10,30.97,25.2,36.9,62.46,0,0.0,0.0,61.17,0
2020-06-11,31.04,25.2,36.9,62.83,5,0.0,0.0,61.25,0
2020-06-12,31.75,25.5,38.1,57.12,0,0.0,0.0,60.8,0
2020-06-13,31.02,24.6,37.0,56.04,0,0.0,0.0,58.66,0
2020-06-14,31.8,25.2,38.0,53.0,1,0.0,0.0,55.39,0
2020-06-15,32.09,24.4,39.3,50.08,0,0.0,0.0,53.04,0
2020-06-16,32.41,25.5,39.3,52.62,0,0.0,0.0,51.9,0
2020-06-17,32.89,27.1,39.7,52.88,0,0.0,0.0,51.86,0
2020-06-18,33.43,27.8,40.0,54.08,0,0.0,0.0,53.19,0
2020-06-19,32.84,28.2,38.3,57.46,0,0.1,0.1,54.81,0
2020-06-20,32.75,27.8,38.0,57.46,0,0.1,0.2,56.33,0
2020-06-21,32.42,28.1,38.0,58.38,0,0.0,0.2,57.77,0
2020-06-22,31.08,25.9,36.4,65.21,2,2.0,2.1,60.35,0
2020-06-23,32.18,27.9,36.8,61.5,0,0.0,2.0,61.7,0
2020-06-24,31.09,27.1,35.0,67.17,0,0.4,2.4,64.63,0
2020-06-25,29.48,26.8,33.8,75.62,4,1.0,1.4,68.1,0
2020-06-26,30.22,24.6,35.0,70.62,4,0.0,1.4,71.14,0
2020-06-27,31.7,26.3,36.8,68.33,3,0.0,1.0,71.52,0
2020-06-28,32.85,27.6,37.9,66.25,3,0.3,0.3,68.4,0
2020-06-29,31.68,28.7,36.9,69.92,2,0.4,0.7,68.17,0
2020-06-30,30.81,27.1,35.3,72.62,6,0.0,0.7,69.6,0
2020-07-01,31.2,27.1,35.1,71.54,4,1.1,1.5,71.36,0
2020-07-02,32.71,27.4,37.7,68.17,4,0.0,1.1,70.78,0
2020-07-03,33.41,28.6,39.2,65.88,0,0.0,1.1,68.53,0
2020-07-04,32.08,26.4,38.1,67.38,3,7.5,7.5,67.14,0
2020-07-05,28.18,24.9,33.1,76.67,10,4.0,11.5,69.98,0
2020-07-06,29.69,24.8,34.4,68.96,3,0.0,11.5,71.0,0
2020-07-07,30.39,26.9,34.6,70.75,2,2.0,6.0,72.13,0
2020-07-08,27.09,25.4,29.0,86.25,14,22.3,24.3,75.32,0
2020-07-09,29.24,25.6,33.1,81.25,10,0.3,24.6,79.42,0
2020-07-10,31.04,26.7,35.5,76.38,8,0.6,23.2,81.29,0
2020-07-11,29.58,24.8,33.9,78.21,6,1.0,1.9,78.61,0
2020-07-12,28.74,24.7,33.1,81.0,12,2.1,3.7,78.53,0
2020-07-13,29.04,24.0,34.1,78.96,9,0.0,3.1,79.39,0
2020-07-14,30.26,25.4,34.9,76.96,7,0.0,2.1,78.97,0
2020-07-15,30.18,27.1,33.9,76.58,7,0.7,0.7,77.5,0
2020-07-16,30.11,26.6,33.6,76.04,8,0.0,0.7,76.53,0
2020-07-17,29.76,27.0,33.4,80.29,13,2.7,3.4,77.64,0
2020-07-18,30.4,27.5,33.9,79.67,11,1.1,3.8,78.67,0
2020-07-19,29.82,26.9,34.1,82.04,14,1.5,5.3,80.67,0
2020-07-20,29.02,26.1,32.2,82.92,12,1.9,4.5,81.54,0
2020-07-21,25.23,23.9,27.9,93.38,24,42.4,45.8,86.11,0
2020-07-22,26.22,23.5,29.9,84.25,12,1.3,45.6,86.85,0
2020-07-23,27.92,23.5,32.2,81.67,11,0.5,44.2,86.43,0
2020-07-24,29.21,25.6,32.9,78.33,10,0.1,1.9,81.42,0
2020-07-25,28.83,26.5,31.6,81.04,13,2.8,3.4,80.35,0
2020-07-26,29.47,25.8,33.0,79.08,11,0.0,2.9,79.48,0
2020-07-27,30.06,26.3,33.8,81.25,13,1.0,3.8,80.46,0
2020-07-28,30.51,27.1,35.1,80.83,12,1.0,2.0,80.39,0
2020-07-29,29.99,26.7,35.3,79.38,9,4.4,6.4,80.49,0
2020-07-30,27.42,24.8,30.7,85.04,13,9.6,15.0,81.75,0
2020-07-31,28.75,25.0,33.0,80.21,12,12.2,26.2,81.54,0
2020-08-01,28.71,26.1,32.3,84.42,14,7.2,29.0,83.22,0
2020-08-02,29.38,26.0,33.2,83.75,12,1.9,21.3,82.79,0
2020-08-03,30.34,27.1,34.5,82.17,13,4.2,13.3,83.45,0
2020-08-04,30.68,27.4,35.8,80.29,13,1.0,7.1,82.07,0
2020-08-05,30.63,26.7,35.6,79.46,10,0.0,5.2,80.64,0
2020-08-06,30.92,27.4,35.2,78.0,11,0.0,1.0,79.25,0
2020-08-07,30.35,28.3,33.3,74.54,4,0.0,0.0,77.33,0
2020-08-08,30.67,27.2,34.5,77.25,9,0.9,0.9,76.6,0
2020-08-09,29.94,27.7,33.3,83.54,14,13.5,14.4,78.44,0
2020-08-10,28.55,26.1,31.6,89.29,16,14.6,29.0,83.36,0
2020-08-11,28.88,26.1,32.0,88.96,15,9.3,37.4,87.26,0
2020-08-12,29.41,26.4,33.4,86.08,14,14.2,38.1,88.11,0
2020-08-13,28.33,25.4,32.0,85.17,14,7.2,30.7,86.74,0
2020-08-14,28.68,25.7,32.4,81.92,14,0.7,22.1,84.39,0
2020-08-15,29.54,26.3,33.3,81.38,13,0.4,8.3,82.82,0
2020-08-16,29.47,26.8,32.8,84.92,14,2.7,3.8,82.74,0
2020-08-17,29.37,27.1,32.6,84.75,14,1.1,4.2,83.68,0
2020-08-18,29.48,27.0,32.9,87.17,15,2.9,6.7,85.61,0
2020-08-19,28.21,25.3,31.6,89.0,16,9.1,13.1,86.97,0
2020-08-20,27.28,24.7,30.5,84.88,14,1.1,13.1,87.02,0
2020-08-21,25.78,24.7,28.3,91.08,22,52.1,62.3,88.32,0
2020-08-22,28.17,24.0,32.6,79.83,12,0.0,53.2,85.26,0
2020-08-23,28.3,25.4,31.9,82.92,13,1.1,53.2,84.61,0
2020-08-24,28.9,26.1,32.6,81.08,12,0.9,2.0,81.28,0
2020-08-25,28.75,26.3,32.0,82.04,13,2.1,4.1,82.01,0
2020-08-26,28.22,26.1,30.8,87.04,15,11.3,14.3,83.39,0
2020-08-27,28.41,25.9,31.7,85.21,14,6.0,19.4,84.76,0
2020-08-28,27.68,25.3,31.2,86.25,13,8.0,25.3,86.17,0
2020-08-29,28.26,24.5,32.1,81.79,13,0.1,14.1,84.42,0
2020-08-30,28.33,25.2,32.0,82.38,12,0.6,8.7,83.47,0
2020-08-31,28.5,26.2,31.6,77.92,3,1.7,2.4,80.7,0
2020-09-01,28.31,25.3,32.0,79.75,13,0.2,2.5,80.02,0
2020-09-02,28.84,25.7,32.4,80.92,12,0.6,2.5,79.53,0
2020-09-03,27.75,26.0,30.6,87.12,16,15.8,16.6,82.6,0
2020-09-04,28.08,24.9,31.4,85.5,15,8.5,24.9,84.51,0
2020-09-05,27.95,24.6,31.7,84.54,14,1.7,26.0,85.72,0
2020-09-06,28.05,25.1,31.3,85.08,12,3.8,14.0,85.04,0
2020-09-07,28.7,24.8,32.5,79.08,10,1.8,7.3,82.9,0
2020-09-08,29.03,24.6,33.7,78.54,8,0.0,5.6,80.9,0
2020-09-09,29.4,24.5,34.4,75.88,7,0.0,1.8,77.83,0
2020-09-10,29.52,25.2,34.2,75.46,8,0.0,0.0,76.63,0
2020-09-11,29.61,25.0,34.8,73.21,7,0.8,0.8,74.85,0
2020-09-12,29.42,23.9,35.0,72.33,7,0.1,0.9,73.67,0
2020-09-13,29.63,24.5,35.6,69.79,7,0.0,0.9,71.78,0
2020-09-14,29.29,23.8,35.4,70.29,7,0.0,0.1,70.8,0
2020-09-15,30.31,24.3,36.2,67.79,6,0.0,0.0,69.29,0
2020-09-16,30.92,27.0,36.5,68.29,1,0.0,0.0,68.79,0
2020-09-17,31.27,26.3,36.7,65.83,3,0.0,0.0,67.3,0
2020-09-18,30.44,24.8,36.4,68.0,5,0.0,0.0,67.37,0
2020-09-19,30.13,24.4,36.1,66.04,5,0.0,0.0,66.62,0
2020-09-20,29.95,24.5,36.6,63.67,5,0.0,0.0,65.9,0
2020-09-21,30.2,24.2,36.5,60.33,2,0.0,0.0,63.35,0
2020-09-22,29.8,25.2,34.5,64.92,0,0.5,0.5,62.97,0
2020-09-23,29.02,25.0,33.8,75.88,8,0.8,1.3,67.04,0
2020-09-24,29.74,24.7,35.8,66.17,8,0.0,1.3,68.99,0
2020-09-25,29.56,24.3,34.7,60.62,1,0.1,0.9,67.56,0
2020-09-26,27.8,23.2,33.9,63.88,2,0.0,0.1,63.56,0
2020-09-27,27.73,21.1,34.6,62.79,4,0.0,0.1,62.43,0
2020-09-28,27.27,21.3,34.1,63.0,3,0.0,0.0,63.22,0
2020-09-29,27.0,21.1,33.5,60.71,3,0.0,0.0,62.17,0
2020-09-30,26.6,20.0,34.0,59.46,2,0.0,0.0,61.06,0
2020-10-01,27.45,21.8,34.2,55.92,0,0.0,0.0,58.7,0
2020-10-02,26.9,21.5,34.1,54.58,0,0.0,0.0,56.65,0
2020-10-03,26.43,19.6,33.6,50.92,0,0.0,0.0,53.81,0
2020-10-04,26.02,18.0,33.7,52.04,0,0.0,0.0,52.51,0
2020-10-05,26.39,20.3,34.1,53.29,0,0.0,0.0,52.08,0
2020-10-06,26.47,18.2,33.9,54.75,0,0.0,0.0,53.36,0
2020-10-07,26.03,18.3,33.9,54.88,0,0.0,0.0,54.31,0
2020-10-08,26.02,18.7,34.0,55.67,0,0.0,0.0,55.1,0
2020-10-09,26.55,19.1,33.9,58.0,2,0.0,0.0,56.18,0
2020-10-10,26.34,19.6,33.9,58.79,1,0.0,0.0,57.49,0
2020-10-11,26.65,20.5,34.1,53.83,0,0.0,0.0,56.87,0
2020-10-12,25.69,18.5,34.0,52.42,0,0.0,0.0,55.01,0
2020-10-13,25.99,18.9,33.7,54.5,0,0.0,0.0,53.58,0
2020-10-14,26.38,20.7,34.1,47.17,0,0.0,0.0,51.36,0
2020-10-15,25.33,17.8,33.3,42.83,0,0.0,0.0,48.17,0
2020-10-16,25.25,16.8,32.7,42.46,0,0.0,0.0,44.15,0
2020-10-17,25.12,16.9,32.9,45.0,0,0.0,0.0,43.43,0
2020-10-18,24.36,16.5,32.7,47.5,0,0.0,0.0,44.99,0
2020-10-19,24.72,17.8,32.9,44.88,0,0.0,0.0,45.79,0
2020-10-20,24.72,14.9,32.5,41.88,0,0.0,0.0,44.75,0
2020-10-21,23.55,16.2,32.3,42.71,0,0.0,0.0,43.16,0
2020-10-22,23.25,16.3,31.6,41.12,0,0.0,0.0,41.9,0
2020-10-23,23.22,15.5,31.0,42.21,0,0.0,0.0,42.01,0
2020-10-24,23.89,15.8,31.5,44.38,0,0.0,0.0,42.57,0
2020-10-25,23.82,15.6,31.8,44.38,0,0.0,0.0,43.66,0
2020-10-26,22.73,15.9,31.3,45.0,0,0.0,0.0,44.59,0
2020-10-27,21.72,13.1,29.6,49.17,2,0.0,0.0,46.18,0
2020-10-28,21.94,13.4,29.8,50.67,2,0.0,0.0,48.28,0
2020-10-29,21.67,12.6,29.9,48.92,2,0.0,0.0,49.59,0
2020-10-30,21.43,15.0,29.6,49.83,0,0.0,0.0,49.81,0
2020-10-31,20.13,11.9,30.1,53.71,5,0.0,0.0,50.82,0
2020-11-01,20.45,12.5,29.6,49.5,2,0.0,0.0,51.01,0
2020-11-02,21.8,15.5,29.5,41.25,0,0.0,0.0,48.15,0
2020-11-03,21.1,12.0,29.1,47.62,0,0.0,0.0,46.12,0
2020-11-04,21.68,14.8,29.4,53.58,1,0.0,0.0,47.48,0
2020-11-05,21.16,12.3,29.7,51.54,3,0.0,0.0,50.91,0
2020-11-06,21.18,14.2,29.4,43.92,0,0.0,0.0,49.68,0
2020-11-07,20.75,13.6,28.8,48.92,0,0.0,0.0,48.13,0
2020-11-08,19.93,10.8,28.3,49.29,0,0.0,0.0,47.38,0
2020-11-09,19.88,11.1,27.9,49.67,0,0.0,0.0,49.29,0
2020-11-10,19.74,12.6,27.7,59.0,3,0.0,0.0,52.65,0
2020-11-11,20.1,11.6,28.2,56.96,8,0.0,0.0,55.21,0
2020-11-12,19.44,13.0,27.4,55.08,1,0.0,0.0,57.01,0
2020-11-13,19.09,11.2,26.9,62.79,5,0.0,0.0,58.28,0
2020-11-14,18.02,13.0,25.0,64.5,2,0.0,0.0,60.79,0
2020-11-15,16.87,13.5,24.1,75.54,7,9.7,9.7,67.61,1
2020-11-16,16.25,12.8,20.5,80.75,12,5.4,15.1,73.6,1
2020-11-17,16.01,10.9,22.6,76.08,10,0.0,15.1,77.46,1
2020-11-18,15.01,9.4,21.9,69.21,8,0.0,5.4,75.35,1
2020-11-19,14.69,7.9,21.4,63.46,4,0.0,0.0,69.58,1
2020-11-20,14.8,8.6,22.3,62.33,3,0.0,0.0,65.0,1
2020-11-21,12.55,5.6,20.7,64.33,3,0.0,0.0,63.37,1
2020-11-22,13.1,5.8,20.2,64.58,7,0.0,0.0,63.75,0
2020-11-23,13.84,8.7,18.8,73.58,7,0.0,0.0,67.5,0
2020-11-24,15.8,11.3,21.6,66.58,0,0.0,0.0,68.25,1
2020-11-25,14.71,11.7,19.3,79.42,8,0.8,0.8,73.19,1
2020-11-26,14.8,11.4,20.5,79.25,12,0.1,0.9,75.08,1
2020-11-27,14.94,9.7,22.6,73.58,11,0.0,0.9,77.42,1
2020-11-28,14.02,8.1,21.7,71.42,8,0.0,0.1,74.75,1
2020-11-29,14.68,8.9,21.6,70.0,8,0.0,0.0,71.67,1
2020-11-30,15.18,9.2,22.4,70.62,5,0.0,0.0,70.68,1
2020-12-01,16.05,8.9,23.4,71.5,9,0.0,0.0,70.71,1
2020-12-02,16.78,9.2,23.8,71.88,6,0.0,0.0,71.33,1
2020-12-03,16.71,9.1,24.3,74.58,7,0.0,0.0,72.65,1
2020-12-04,16.08,10.5,23.5,79.67,13,0.0,0.0,75.38,1
2020-12-05,17.35,12.0,24.5,73.33,8,0.0,0.0,75.86,1
2020-12-06,18.01,12.9,24.6,72.54,5,0.0,0.0,75.18,1
2020-12-07,16.9,10.9,24.3,75.29,9,0.0,0.0,73.72,1
2020-12-08,16.14,10.7,24.4,74.71,11,0.0,0.0,74.18,1
2020-12-09,14.88,9.7,20.5,80.42,12,0.0,0.0,76.81,1
2020-12-10,15.92,10.1,23.3,77.79,11,0.0,0.0,77.64,1
2020-12-11,15.35,10.3,22.7,77.58,11,0.1,0.1,78.6,1
2020-12-12,14.19,10.4,19.1,83.25,11,13.5,13.6,79.54,1
2020-12-13,11.62,7.7,17.9,85.33,16,0.0,13.6,82.05,1
2020-12-14,10.42,5.6,17.2,82.92,15,0.0,13.5,83.83,1
2020-12-15,9.56,4.6,16.8,82.29,15,0.0,0.0,83.51,1
2020-12-16,8.3,3.8,15.9,85.62,18,0.0,0.0,83.61,1
2020-12-17,7.45,2.2,15.4,82.29,15,0.0,0.0,83.4,0
2020-12-18,7.69,0.9,15.3,76.38,9,0.0,0.0,81.43,0
2020-12-19,9.22,2.3,16.6,76.67,7,0.0,0.0,78.45,0
2020-12-20,9.92,3.6,18.1,79.67,14,0.0,0.0,77.57,0
2020-12-21,11.45,5.6,18.5,75.62,9,0.0,0.0,77.32,0
2020-12-22,12.39,6.8,19.0,73.92,7,0.0,0.0,76.4,1
2020-12-23,10.96,5.1,18.9,81.92,14,0.0,0.0,77.15,1
2020-12-24,11.7,5.1,18.1,80.83,12,0.0,0.0,78.89,1
2020-12-25,11.16,5.8,17.7,83.21,17,0.0,0.0,81.99,1
2020-12-26,9.36,5.2,16.1,89.75,16,0.0,0.0,84.6,1
2020-12-27,9.62,4.5,17.5,87.08,17,4.8,4.8,86.68,1
2020-12-28,8.57,4.6,15.0,77.12,14,0.0,4.8,84.65,1
2020-12-29,7.3,1.7,14.7,84.38,17,0.0,4.8,82.86,0
2020-12-30,7.3,2.3,14.5,87.62,16,0.0,0.0,83.04,0
2020-12-31,7.35,3.1,14.4,91.38,19,0.0,0.0,87.79,0
2021-01-01,8.23,3.7,14.8,87.88,15,0.0,0.0,88.96,1
2021-01-02,9.42,3.1,15.2,90.38,19,1.0,1.0,89.88,1
2021-01-03,13.03,9.0,16.8,90.71,21,11.8,12.8,89.66,1
2021-01-04,14.8,12.2,18.2,91.58,22,9.4,22.2,90.89,1
2021-01-05,14.65,13.1,17.7,90.17,23,14.7,35.9,90.82,1
2021-01-06,14.42,11.5,18.8,89.46,17,1.8,25.9,90.4,1
2021-01-07,13.3,10.0,17.4,91.21,19,0.0,16.5,90.28,1
2021-01-08,11.67,8.5,16.7,86.71,16,0.0,1.8,89.13,1
2021-01-09,10.85,6.9,16.8,89.08,18,0.0,0.0,89.0,1
2021-01-10,9.31,4.2,15.0,90.38,17,0.0,0.0,88.72,1
2021-01-11,10.72,6.4,16.9,85.88,15,0.0,0.0,88.45,1
2021-01-12,8.59,6.0,14.4,93.33,20,0.0,0.0,89.86,1
2021-01-13,8.05,3.6,14.9,92.62,20,0.0,0.0,90.61,1
2021-01-14,8.65,4.1,14.4,91.67,19,0.0,0.0,92.54,1
2021-01-15,9.13,6.8,14.6,91.96,19,0.0,0.0,92.08,1
2021-01-16,9.01,5.6,13.1,95.25,21,0.0,0.0,92.96,1
2021-01-17,9.81,7.3,15.4,90.5,19,0.0,0.0,92.57,1
2021-01-18,11.75,5.8,18.6,86.71,16,0.0,0.0,90.82,1
2021-01-19,11.58,6.2,19.2,88.0,17,0.0,0.0,88.4,1
2021-01-20,11.23,5.8,18.4,88.0,18,0.0,0.0,87.57,1
2021-01-21,11.02,5.2,17.4,83.96,13,0.0,0.0,86.65,1
2021-01-22,11.11,5.2,18.3,85.17,17,0.0,0.0,85.71,1
2021-01-23,13.28,10.4,17.4,86.92,16,6.0,6.0,85.35,1
2021-01-24,11.44,8.8,15.7,87.21,16,0.0,6.0,86.43,1
2021-01-25,10.79,5.9,17.5,83.12,14,0.0,6.0,85.75,1
2021-01-26,10.58,5.4,17.3,81.92,15,0.0,0.0,84.08,1
2021-01-27,9.81,3.8,17.3,82.42,13,0.0,0.0,82.49,1
2021-01-28,11.05,4.7,17.6,80.54,13,0.0,0.0,81.63,1
2021-01-29,10.38,4.4,17.4,83.67,14,0.0,0.0,82.21,1
2021-01-30,10.03,2.8,16.9,78.92,11,0.0,0.0,81.04,1
2021-01-31,11.09,4.2,18.4,79.42,12,0.0,0.0,80.67,1
2021-02-01,11.7,5.3,19.5,81.29,14,0.0,0.0,79.88,1
2021-02-02,13.1,6.0,20.5,80.46,12,0.0,0.0,80.39,1
2021-02-03,13.72,8.4,19.9,81.08,10,0.8,0.8,80.94,1
2021-02-04,12.12,8.7,17.3,77.29,7,0.7,1.5,79.61,1
2021-02-05,11.32,6.2,17.8,79.75,11,0.0,1.5,79.37,1
2021-02-06,11.97,5.8,19.0,81.04,12,0.0,0.7,79.36,1
2021-02-07,13.25,6.4,19.9,80.17,10,0.0,0.0,80.32,1
2021-02-08,14.66,6.8,21.3,79.25,9,0.0,0.0,80.15,1
2021-02-09,14.86,8.2,22.0,83.75,15,0.0,0.0,81.06,1
2021-02-10,15.12,8.5,21.8,80.17,10,0.0,0.0,81.06,1
2021-02-11,15.37,9.6,22.5,84.96,16,0.0,0.0,82.96,1
2021-02-12,15.47,9.7,22.3,88.04,18,0.0,0.0,84.39,1
2021-02-13,15.3,9.9,21.4,89.58,18,0.0,0.0,87.53,1
2021-02-14,15.08,10.9,21.6,89.58,18,0.0,0.0,89.07,1
2021-02-15,15.22,9.8,22.0,89.79,17,0.0,0.0,89.65,1
2021-02-16,15.69,10.6,22.2,89.33,17,0.0,0.0,89.57,1
2021-02-17,16.14,11.0,23.0,88.33,17,0.0,0.0,89.15,1
2021-02-18,16.19,11.3,22.4,87.38,16,0.0,0.0,88.35,1
2021-02-19,16.52,10.6,23.2,83.96,16,0.0,0.0,86.56,1
2021-02-20,16.79,10.7,23.0,83.62,13,0.0,0.0,84.99,1
2021-02-21,16.91,10.8,23.4,84.38,14,0.0,0.0,83.99,1
2021-02-22,17.91,11.2,25.1,82.21,14,0.0,0.0,83.4,1
2021-02-23,18.96,11.6,26.5,76.5,11,0.0,0.0,81.03,1
2021-02-24,18.96,11.9,26.7,73.62,11,0.0,0.0,77.44,1
2021-02-25,19.55,12.7,28.0,68.71,7,0.0,0.0,72.94,1
2021-02-26,20.39,12.8,28.4,70.42,6,0.8,0.8,70.92,1
2021-02-27,20.26,13.7,27.2,57.58,0,0.0,0.8,65.57,1
2021-02-28,17.38,10.7,24.7,63.46,3,0.0,0.8,63.82,1
2021-03-01,17.41,11.1,24.9,67.42,6,0.0,0.0,62.82,0
2021-03-02,16.51,10.0,25.3,65.71,4,0.0,0.0,65.53,0
2021-03-03,18.7,12.5,26.4,59.5,0,0.0,0.0,64.21,0
2021-03-04,18.8,11.1,27.5,62.42,4,0.0,0.0,62.54,0
2021-03-05,18.67,11.2,27.5,64.42,6,0.0,0.0,62.11,0
2021-03-06,18.28,10.4,26.2,62.38,3,0.0,0.0,63.07,0
2021-03-07,21.79,16.8,28.1,49.71,0,0.0,0.0,58.84,0
2021-03-08,21.82,16.9,28.6,59.62,0,0.2,0.2,57.24,0
2021-03-09,21.38,15.1,28.5,63.67,0,0.0,0.2,57.67,0
2021-03-10,21.33,15.8,28.6,64.92,2,0.2,0.4,62.74,0
2021-03-11,21.38,13.9,29.7,60.67,4,0.0,0.2,63.09,0
2021-03-12,19.89,15.0,25.6,55.79,0,0.3,0.5,60.46,0
2021-03-13,18.95,11.7,27.7,60.96,2,0.0,0.3,59.14,0
2021-03-14,19.03,11.9,26.7,71.17,10,0.0,0.3,62.64,0
2021-03-15,19.95,12.7,28.1,68.92,8,0.0,0.0,67.02,0
2021-03-16,21.35,14.3,28.8,66.5,6,0.0,0.0,68.86,0
2021-03-17,21.6,15.8,29.4,66.58,2,0.0,0.0,67.33,0
2021-03-18,21.92,14.2,29.9,63.88,3,0.0,0.0,65.65,0
2021-03-19,21.98,15.0,30.2,60.79,5,0.0,0.0,63.75,0
2021-03-20,21.86,13.6,29.5,58.79,1,0.0,0.0,61.15,0
2021-03-21,21.4,14.7,28.4,63.75,4,0.0,0.0,61.11,0
2021-03-22,21.96,18.0,27.1,56.29,0,0.0,0.0,59.61,0
2021-03-23,20.45,16.1,27.5,63.58,3,4.8,4.8,61.21,0
2021-03-24,20.05,13.6,28.0,58.17,2,0.0,4.8,59.35,0
2021-03-25,19.35,12.8,27.5,65.62,7,0.0,4.8,62.46,0
2021-03-26,20.05,12.9,28.3,66.62,7,0.0,0.0,63.47,0
2021-03-27,22.51,14.6,30.3,62.75,3,0.0,0.0,65.0,0
2021-03-28,24.27,16.6,31.7,62.42,4,0.0,0.0,63.93,0
2021-03-29,26.98,22.1,33.3,47.79,0,0.0,0.0,57.65,0
2021-03-30,25.02,17.7,32.5,48.33,0,0.0,0.0,52.85,0
2021-03-31,21.71,14.8,29.5,31.25,0,0.0,0.0,42.46,0
2021-04-01,20.67,13.4,29.7,27.79,0,0.0,0.0,35.79,0
2021-04-02,20.22,11.9,28.6,27.12,0,0.0,0.0,28.72,0
2021-04-03,21.02,11.6,30.0,35.33,0,0.0,0.0,30.08,0
2021-04-04,23.01,13.0,31.5,36.96,0,0.0,0.0,33.14,0
2021-04-05,24.14,18.2,31.0,43.29,0,0.0,0.0,38.53,0
2021-04-06,24.7,20.2,29.1,41.5,0,0.5,0.5,40.58,0
2021-04-07,23.68,16.0,31.2,53.62,4,0.8,1.3,46.14,0
2021-04-08,21.71,13.6,29.8,43.67,0,0.0,1.3,46.26,0
2021-04-09,22.75,13.7,32.1,41.71,0,0.0,0.8,46.33,0
2021-04-10,24.41,16.6,32.7,33.96,0,0.0,0.0,39.78,0
2021-04-11,25.71,18.2,34.2,32.83,0,0.0,0.0,36.17,0
2021-04-12,26.63,19.0,33.5,33.96,0,0.0,0.0,33.58,0
2021-04-13,26.47,16.9,35.3,39.0,0,0.0,0.0,35.26,0
2021-04-14,27.19,19.5,35.8,34.42,0,0.0,0.0,35.79,0
2021-04-15,26.92,19.7,35.3,34.42,0,0.0,0.0,35.95,0
2021-04-16,25.77,19.0,35.4,40.62,1,2.1,2.1,36.49,0
2021-04-17,21.48,17.8,26.3,74.92,12,10.8,12.9,49.99,0
2021-04-18,22.96,16.0,30.3,60.04,6,0.0,12.9,58.53,0
2021-04-19,24.42,16.9,32.3,47.21,0,0.0,10.8,60.72,0
2021-04-20,22.52,17.1,29.3,50.96,0,1.3,1.3,52.74,1
2021-04-21,19.66,16.9,24.4,77.0,11,8.9,10.2,58.39,1
2021-04-22,20.39,15.6,26.8,69.25,6,0.7,10.9,65.74,0
2021-04-23,18.84,14.9,24.1,71.58,5,14.0,23.6,72.61,0
2021-04-24,21.17,12.2,29.3,58.92,5,0.0,14.7,66.58,0
2021-04-25,23.77,14.1,32.2,55.25,3,0.0,14.0,61.92,0
2021-04-26,25.83,15.4,34.4,51.96,0,0.0,0.0,55.38,0
2021-04-27,27.42,18.1,36.3,46.83,1,0.0,0.0,51.35,0
2021-04-28,28.44,19.1,37.5,43.04,0,0.0,0.0,47.28,0
2021-04-29,28.45,21.1,37.8,43.17,0,0.0,0.0,44.35,0
2021-04-30,28.98,19.9,37.4,41.75,0,0.0,0.0,42.65,0
2021-05-01,28.52,21.7,36.0,41.5,0,0.1,0.1,42.14,0
2021-05-02,29.33,21.4,37.2,40.92,0,0.0,0.1,41.39,0
2021-05-03,29.04,22.5,35.4,40.92,0,0.0,0.1,41.11,0
2021-05-04,28.58,23.0,34.5,47.83,0,0.5,0.5,43.22,0
2021-05-05,27.9,22.1,33.6,52.0,0,0.2,0.7,46.92,0
2021-05-06,28.67,21.7,34.4,45.0,0,0.0,0.7,48.28,0
2021-05-07,26.25,22.0,31.4,59.33,0,1.4,1.6,52.11,0
2021-05-08,27.8,20.0,34.1,49.0,0,0.2,1.6,51.11,0
2021-05-09,27.96,20.7,33.9,48.0,0,0.0,1.6,52.11,0
2021-05-10,28.32,21.8,34.1,48.08,0,0.5,0.7,48.36,0
2021-05-11,28.57,23.0,35.2,49.96,0,0.5,1.0,48.68,0
2021-05-12,26.73,21.2,32.5,60.58,0,2.8,3.8,52.87,0
2021-05-13,23.84,19.9,28.6,71.58,3,8.1,11.4,60.71,0
2021-05-14,24.91,17.4,31.8,62.67,7,0.0,10.9,64.94,0
2021-05-15,27.19,20.8,33.7,50.75,0,0.0,8.1,61.67,0
2021-05-16,28.22,19.7,35.5,46.79,0,0.0,0.0,53.4,0
2021-05-17,29.24,20.4,37.1,39.42,0,0.0,0.0,45.65,0
2021-05-18,29.22,21.9,35.9,43.38,0,0.0,0.0,43.2,0
2021-05-19,26.02,22.6,29.7,57.96,0,0.0,0.0,46.92,0
2021-05-20,27.08,20.1,34.2,61.79,4,0.0,0.0,54.38,0
2021-05-21,27.56,22.6,32.7,60.08,2,0.6,0.6,59.94,0
2021-05-22,27.93,21.0,35.1,54.12,0,0.1,0.7,58.66,0
2021-05-23,27.28,21.7,34.8,46.96,0,0.0,0.7,53.72,0
2021-05-24,27.58,19.3,35.7,43.42,0,0.0,0.1,48.17,0
2021-05-25,28.38,20.4,37.0,36.67,0,0.0,0.0,42.35,0
2021-05-26,30.21,24.0,38.2,30.88,0,0.0,0.0,36.99,0
2021-05-27,31.17,22.2,39.7,31.04,0,0.0,0.0,32.86,0
2021-05-28,31.52,24.5,39.0,49.33,0,0.0,0.0,37.08,0
2021-05-29,32.42,27.1,39.0,51.21,0,0.0,0.0,43.86,0
2021-05-30,30.9,26.7,36.4,60.29,0,0.5,0.5,53.61,0
2021-05-31,29.24,26.0,35.2,58.83,0,1.7,2.2,56.78,0
2021-06-01,27.58,21.8,33.2,63.04,2,1.7,3.9,60.72,0
2021-06-02,28.72,23.6,34.2,59.88,2,1.0,4.4,60.58,0
2021-06-03,28.17,23.3,34.0,61.08,0,0.4,3.1,61.33,0
2021-06-04,27.47,22.6,33.0,66.25,1,0.8,2.2,62.4,0
2021-06-05,28.63,23.6,34.0,66.08,6,0.3,1.5,64.47,0
2021-06-06,30.61,24.0,36.9,56.62,1,0.0,1.1,62.98,0
2021-06-07,31.72,24.9,38.0,54.42,0,0.0,0.3,59.04,0
2021-06-08,34.19,27.0,40.8,49.33,0,0.0,0.0,53.46,0
2021-06-09,35.57,28.9,41.8,45.17,0,0.0,0.0,49.64,0
2021-06-10,33.33,27.5,40.2,56.21,0,0.0,0.0,50.24,0
2021-06-11,32.12,27.4,38.0,57.71,0,0.0,0.0,53.03,0
2021-06-12,32.0,25.0,37.5,58.5,1,1.3,1.3,57.47,0
2021-06-13,28.61,23.3,34.5,68.38,3,11.1,12.4,61.53,0
2021-06-14,29.37,23.4,35.7,64.62,5,0.0,12.4,63.83,0
2021-06-15,30.66,24.2,36.9,58.58,4,0.0,11.1,63.86,0
2021-06-16,25.98,24.1,29.3,79.92,12,26.2,26.2,67.71,0
2021-06-17,28.54,23.4,34.1,67.12,6,0.2,26.4,68.54,0
2021-06-18,29.68,25.9,33.7,64.42,0,0.2,26.6,70.49,0
2021-06-19,30.35,24.6,36.5,60.33,0,0.1,0.5,63.96,0
2021-06-20,30.05,24.9,34.9,61.12,0,0.0,0.3,61.96,0
2021-06-21,30.8,25.4,36.5,59.21,0,0.4,0.5,60.22,0
2021-06-22,32.17,24.8,38.9,49.54,0,0.0,0.4,56.62,0
2021-06-23,32.3,25.7,39.0,46.58,0,0.0,0.4,51.78,0
2021-06-24,30.9,27.2,35.9,58.67,0,2.1,2.1,51.6,0
2021-06-25,31.09,25.1,36.6,54.92,0,0.1,2.2,53.39,0
2021-06-26,30.12,25.3,35.2,60.25,0,0.4,2.6,57.95,0
2021-06-27,30.6,23.9,36.7,59.46,0,0.0,0.5,58.21,0
2021-06-28,32.27,25.6,38.6,53.75,0,0.0,0.4,57.82,0
2021-06-29,33.5,26.3,40.4,44.17,0,0.0,0.0,52.46,0
2021-06-30,34.25,26.7,41.3,44.71,0,0.0,0.0,47.54,0
2021-07-01,33.78,27.4,40.0,52.58,0,0.0,0.0,47.15,0
2021-07-02,33.15,27.2,38.9,55.08,0,0.0,0.0,50.79,0
2021-07-03,31.19,26.6,35.0,60.75,0,1.0,1.0,56.14,0
2021-07-04,32.0,26.5,37.2,61.21,1,0.0,1.0,59.01,0
2021-07-05,31.72,26.7,36.9,62.71,0,0.0,1.0,61.56,0
2021-07-06,32.92,27.1,38.2,59.21,1,0.0,0.0,61.04,0
2021-07-07,33.37,27.3,39.1,56.04,0,0.0,0.0,59.32,0
2021-07-08,33.02,27.6,38.4,55.83,0,0.0,0.0,57.03,0
2021-07-09,32.1,28.4,36.4,63.62,0,0.0,0.0,58.5,0
2021-07-10,31.95,29.0,35.9,67.08,0,0.7,0.7,62.18,0
2021-07-11,30.85,27.0,35.7,73.83,3,11.4,12.1,68.18,0
2021-07-12,27.96,25.0,32.6,83.58,15,29.0,41.1,74.83,0
2021-07-13,27.62,24.8,31.6,85.38,14,17.7,58.1,80.93,0
2021-07-14,28.72,25.4,32.5,80.04,10,0.0,46.7,83.0,0
2021-07-15,29.19,25.4,33.2,79.62,10,0.2,17.9,81.68,0
2021-07-16,30.04,26.7,33.9,79.79,9,0.7,0.9,79.82,0
2021-07-17,31.02,26.8,35.1,77.71,8,0.6,1.5,79.04,0
2021-07-18,31.3,27.7,36.5,77.58,8,0.0,1.3,78.36,0
2021-07-19,27.43,25.6,30.1,87.08,14,10.2,10.8,80.79,0
2021-07-20,26.83,25.1,31.0,89.54,18,5.7,15.9,84.73,0
2021-07-21,27.83,24.8,31.3,85.96,14,2.0,17.9,87.53,0
2021-07-22,28.24,25.2,31.2,83.71,13,3.4,11.1,86.4,0
2021-07-23,27.74,26.2,30.9,84.83,15,6.7,12.1,84.83,0
2021-07-24,29.91,25.5,34.3,81.12,13,0.2,10.3,83.22,0
2021-07-25,30.67,27.1,34.3,82.83,13,0.5,7.4,82.93,0
2021-07-26,29.61,28.0,32.3,86.5,16,8.4,9.1,83.48,0
2021-07-27,28.44,27.0,31.3,89.83,19,27.8,36.7,86.39,0
2021-07-28,26.48,25.2,27.7,94.62,24,60.0,96.2,90.32,0
2021-07-29,26.66,24.6,29.2,88.67,16,5.5,93.3,91.04,0
2021-07-30,27.1,25.3,29.8,87.54,17,4.1,69.6,90.28,0
2021-07-31,27.44,25.9,30.0,86.08,16,1.6,11.2,87.43,0
2021-08-01,28.63,25.1,32.8,84.67,13,1.4,7.1,86.1,0
2021-08-02,28.81,25.6,32.7,87.12,14,2.4,5.4,85.96,0
2021-08-03,28.54,26.2,32.6,87.12,15,5.6,9.4,86.3,0
2021-08-04,28.91,26.2,31.9,83.38,13,1.5,9.5,85.87,0
2021-08-05,28.65,25.5,32.2,86.29,15,4.8,11.9,85.6,0
2021-08-06,28.46,25.3,32.5,85.42,14,2.2,8.5,85.03,0
2021-08-07,29.4,25.2,33.3,81.21,13,0.4,7.4,84.31,0
2021-08-08,29.26,26.5,32.5,84.29,15,3.2,5.8,83.64,0
2021-08-09,28.89,26.1,32.4,85.38,15,2.2,5.8,83.63,0
2021-08-10,29.23,25.2,33.1,84.46,13,1.6,7.0,84.71,0
2021-08-11,29.82,25.9,34.4,79.96,12,0.0,3.8,83.27,0
2021-08-12,30.05,26.3,34.2,79.96,11,0.6,2.2,81.46,0
2021-08-13,29.78,26.7,34.2,81.83,12,1.5,2.1,80.58,0
2021-08-14,29.34,26.3,33.1,81.29,13,3.0,5.1,81.03,0
2021-08-15,29.25,26.3,32.7,77.46,10,0.2,4.7,80.19,0
2021-08-16,29.03,24.6,33.4,79.38,12,1.7,4.9,79.38,0
2021-08-17,29.39,24.3,34.3,76.71,9,0.0,1.9,77.85,0
2021-08-18,29.87,25.1,35.1,75.92,9,0.2,1.9,77.34,0
2021-08-19,30.1,25.4,34.6,76.88,10,0.6,0.8,76.5,0
2021-08-20,28.89,26.9,32.5,81.71,9,6.0,6.8,78.17,0
2021-08-21,26.2,25.1,27.2,88.25,16,19.7,26.3,82.28,0
2021-08-22,26.79,24.9,29.6,89.21,17,7.4,33.1,86.39,0
2021-08-23,28.11,24.0,32.3,80.71,11,0.0,27.1,86.06,0
2021-08-24,29.21,25.1,33.0,83.08,13,0.4,7.8,84.33,0
2021-08-25,30.17,26.8,34.3,82.08,13,0.7,1.1,81.96,0
2021-08-26,30.04,26.9,34.2,78.21,11,0.0,1.1,81.12,0
2021-08-27,29.71,26.4,34.0,78.29,9,0.2,0.9,79.53,0
2021-08-28,28.75,25.1,32.4,79.96,11,1.8,2.0,78.82,0
2021-08-29,28.34,24.7,32.1,81.5,13,1.7,3.7,79.92,0
2021-08-30,27.49,23.3,31.4,82.29,14,2.5,6.0,81.25,0
2021-08-31,27.56,24.1,31.2,82.54,15,2.8,7.0,82.11,0
2021-09-01,27.57,24.7,31.0,82.58,13,1.7,7.0,82.47,0
2021-09-02,27.69,24.1,31.0,82.92,12,4.0,8.5,82.68,0
2021-09-03,27.75,25.4,30.7,82.0,13,2.8,8.5,82.5,0
2021-09-04,27.93,24.9,32.0,82.42,13,0.0,6.8,82.45,0
2021-09-05,28.58,24.3,32.6,80.92,10,0.5,3.3,81.78,0
2021-09-06,29.52,25.7,33.2,79.71,11,0.2,0.7,81.02,0
2021-09-07,28.46,26.3,31.9,84.42,14,1.2,1.9,81.68,0
2021-09-08,28.3,25.9,31.9,81.08,11,2.7,4.1,81.74,0
2021-09-09,27.98,25.3,31.4,81.96,13,4.2,8.1,82.49,0
2021-09-10,27.5,25.5,30.8,83.5,14,9.8,16.7,82.18,0
2021-09-11,26.7,25.0,28.7,82.5,8,19.8,33.8,82.65,0
2021-09-12,25.15,23.5,27.5,84.62,15,1.7,31.3,83.54,0
2021-09-13,27.2,22.5,32.0,78.25,10,0.0,21.5,81.79,0
2021-09-14,27.91,23.7,32.3,79.0,11,0.0,1.7,80.62,0
2021-09-15,28.89,24.7,33.8,73.25,8,0.0,0.0,76.83,0
2021-09-16,28.63,24.5,33.1,77.17,8,1.0,1.0,76.47,0
2021-09-17,26.95,24.4,31.1,83.25,11,4.9,5.9,77.89,0
2021-09-18,27.89,23.7,32.4,79.08,11,0.0,5.9,79.83,0
2021-09-19,28.69,25.1,32.7,78.04,10,0.8,5.7,80.12,0
2021-09-20,29.0,25.3,32.6,78.12,9,0.7,1.5,78.41,0
2021-09-21,27.46,24.5,31.2,83.29,13,14.2,15.7,79.82,0
2021-09-22,26.06,23.4,29.9,87.79,16,13.8,28.7,83.07,0
2021-09-23,25.35,23.1,28.3,87.46,15,7.0,35.0,86.18,0
2021-09-24,26.48,22.8,31.0,79.04,11,0.4,21.2,84.76,0
2021-09-25,27.15,22.9,31.7,80.29,13,0.5,7.9,82.26,0
2021-09-26,27.5,23.4,31.9,81.29,12,0.2,1.1,80.21,0
2021-09-27,28.23,23.7,32.9,79.79,10,0.0,0.7,80.46,0
2021-09-28,28.5,24.2,33.1,75.88,10,0.0,0.2,78.99,0
2021-09-29,28.58,24.8,33.0,75.29,10,0.0,0.0,76.99,0
2021-09-30,27.8,24.6,31.9,80.96,13,0.7,0.7,77.38,0
2021-10-01,27.78,24.4,32.0,82.46,13,1.0,1.7,79.57,0
2021-10-02,27.59,24.4,32.0,82.5,12,1.6,3.3,81.97,0
2021-10-03,27.75,24.2,32.5,82.5,13,1.4,4.0,82.49,0
2021-10-04,27.7,24.2,32.2,78.5,10,2.1,5.1,81.17,0
2021-10-05,27.45,23.5,31.4,77.25,8,1.1,4.6,79.42,0
2021-10-06,27.3,22.9,32.7,74.54,8,0.0,3.2,76.76,0
2021-10-07,26.65,21.1,32.6,75.08,7,0.0,1.1,75.62,0
2021-10-08,27.5,21.9,33.1,71.58,5,0.0,0.0,73.73,0
2021-10-09,27.33,22.1,33.4,71.96,7,0.0,0.0,72.87,0
2021-10-10,27.47,21.6,33.9,70.17,8,0.0,0.0,71.24,0
2021-10-11,27.78,23.5,34.2,63.12,0,0.0,0.0,68.42,0
2021-10-12,26.47,21.8,34.1,63.04,2,0.0,0.0,65.44,0
2021-10-13,24.74,20.0,31.6,68.5,4,0.0,0.0,64.89,0
2021-10-14,24.26,18.0,31.9,65.96,3,0.0,0.0,65.83,0
2021-10-15,25.14,18.1,32.6,62.54,2,0.0,0.0,65.67,0
2021-10-16,26.1,19.1,32.4,67.29,4,0.0,0.0,65.26,0
2021-10-17,23.62,21.8,27.0,81.33,10,6.4,6.4,70.39,0
2021-10-18,22.46,20.7,24.8,82.58,11,2.9,9.3,77.07,1
2021-10-19,23.62,18.5,30.1,72.58,9,0.0,9.3,78.83,1
2021-10-20,23.3,17.2,31.3,73.04,9,0.0,2.9,76.07,1
2021-10-21,23.18,16.6,31.5,67.08,8,0.0,0.0,70.9,1
2021-10-22,23.05,16.4,30.9,64.96,5,0.0,0.0,68.36,1
2021-10-23,22.69,17.9,29.9,69.04,6,27.8,27.8,67.03,1
2021-10-24,18.17,16.4,20.2,89.29,21,62.2,90.0,74.43,1
2021-10-25,19.27,14.9,25.7,75.12,9,0.0,90.0,77.82,1
2021-10-26,18.59,13.5,25.6,73.12,8,0.0,62.2,79.18,1
2021-10-27,19.79,14.8,26.5,69.38,1,0.0,0.0,72.54,1
2021-10-28,19.58,14.0,26.8,70.17,6,0.0,0.0,70.89,1
2021-10-29,20.0,13.8,27.4,72.62,7,0.0,0.0,70.72,1
2021-10-30,19.67,13.0,26.9,71.71,5,0.0,0.0,71.5,1
2021-10-31,19.42,14.0,27.0,68.0,5,0.0,0.0,70.78,0
2021-11-01,19.11,12.5,27.1,70.92,8,0.0,0.0,70.21,0
2021-11-02,19.78,16.1,24.7,63.54,0,3.0,3.0,67.49,0
2021-11-03,20.54,14.5,28.0,55.5,0,0.0,3.0,63.32,0
2021-11-04,19.5,14.3,26.7,62.54,0,0.0,3.0,60.53,0
2021-11-05,18.9,12.3,26.6,69.25,6,0.0,0.0,62.43,0
2021-11-06,19.09,12.5,26.6,67.46,4,0.0,0.0,66.42,0
2021-11-07,18.68,12.2,25.9,70.83,4,0.0,0.0,69.18,0
2021-11-08,18.53,12.1,26.3,72.38,9,0.0,0.0,70.22,1
2021-11-09,18.65,11.6,26.2,66.88,6,0.0,0.0,70.03,1
2021-11-10,18.68,12.0,27.0,71.25,6,0.0,0.0,70.17,1
2021-11-11,18.85,12.5,26.7,75.33,11,0.0,0.0,71.15,1
2021-11-12,18.5,11.2,26.7,74.71,9,0.0,0.0,73.76,1
2021-11-13,18.24,10.9,26.0,67.83,6,0.0,0.0,72.62,1
2021-11-14,17.82,10.9,25.8,68.79,4,0.0,0.0,70.44,1
2021-11-15,17.77,10.2,25.1,66.92,3,0.0,0.0,67.85,1
2021-11-16,17.12,10.5,24.3,66.58,6,0.0,0.0,67.43,1
2021-11-17,16.57,10.7,24.1,70.71,5,0.0,0.0,68.07,1
2021-11-18,16.4,9.4,23.3,73.12,9,0.0,0.0,70.14,1
2021-11-19,16.28,9.5,23.7,72.79,6,0.0,0.0,72.21,1
2021-11-20,16.13,9.8,23.9,73.08,9,0.0,0.0,73.0,1
2021-11-21,16.08,9.7,24.7,70.92,8,0.0,0.0,72.26,1
2021-11-22,14.88,7.8,23.8,66.92,8,0.0,0.0,70.31,1
2021-11-23,15.61,7.6,23.9,66.46,6,0.0,0.0,68.1,1
2021-11-24,15.61,8.4,24.4,70.88,8,0.0,0.0,68.09,1
2021-11-25,16.25,10.4,24.4,72.79,7,0.0,0.0,70.04,1
2021-11-26,16.47,11.2,23.7,72.46,10,0.0,0.0,72.04,1
2021-11-27,15.9,9.5,23.9,73.54,11,0.0,0.0,72.93,1
2021-11-28,15.98,9.5,23.8,72.88,9,0.0,0.0,72.96,1
2021-11-29,16.03,11.4,23.9,73.88,10,0.0,0.0,73.43,1
2021-11-30,14.7,8.3,22.7,73.96,11,0.0,0.0,73.57,1
2021-12-01,14.86,8.8,21.9,76.12,9,0.0,0.0,74.65,1
2021-12-02,14.57,10.9,18.3,83.92,11,0.0,0.0,78.0,1
2021-12-03,16.5,10.2,23.5,73.38,10,0.0,0.0,77.81,1
2021-12-04,17.05,12.4,23.8,76.88,10,0.0,0.0,78.06,1
2021-12-05,16.0,12.3,22.9,81.54,14,1.2,1.2,77.27,1
2021-12-06,15.28,10.8,21.9,78.21,12,0.0,1.2,78.88,1
2021-12-07,14.54,8.7,21.4,78.04,11,0.0,1.2,79.26,1
2021-12-08,14.14,8.7,21.6,73.12,9,0.0,0.0,76.46,1
2021-12-09,14.71,9.4,21.9,72.54,6,0.0,0.0,74.57,1
2021-12-10,14.34,8.9,21.8,75.12,9,0.0,0.0,73.59,1
2021-12-11,13.74,6.4,20.9,68.75,9,0.0,0.0,72.14,1
2021-12-12,12.94,5.4,20.0,73.0,5,0.0,0.0,72.29,1
2021-12-13,13.07,6.3,20.0,70.92,9,0.0,0.0,70.89,1
2021-12-14,12.71,7.0,19.3,70.08,8,0.0,0.0,71.33,1
2021-12-15,11.76,7.1,19.1,73.12,9,0.0,0.0,71.37,1
2021-12-16,10.29,5.0,17.4,74.08,10,0.0,0.0,72.43,1
2021-12-17,8.78,3.7,16.4,79.08,14,0.0,0.0,75.43,1
2021-12-18,8.85,2.9,16.4,78.62,15,0.0,0.0,77.26,1
2021-12-19,8.23,1.8,16.2,77.08,9,0.0,0.0,78.26,1
2021-12-20,9.04,1.8,16.4,78.08,12,0.0,0.0,77.93,1
2021-12-21,11.65,6.1,17.8,74.79,7,0.4,0.4,76.65,1
2021-12-22,11.99,6.3,18.3,76.33,8,0.0,0.4,76.4,1
2021-12-23,12.53,7.4,18.9,76.33,12,0.0,0.4,75.82,1
2021-12-24,12.54,5.2,19.4,75.12,9,0.0,0.0,75.93,1
2021-12-25,12.78,7.7,19.2,78.46,10,0.0,0.0,76.64,1
2021-12-26,11.04,7.4,15.6,87.62,17,0.0,0.0,80.4,1
2021-12-27,11.6,6.6,18.5,83.88,15,0.0,0.0,83.32,1
2021-12-28,11.51,6.0,19.0,79.75,14,0.0,0.0,83.75,1
2021-12-29,10.04,3.9,17.6,74.75,12,0.0,0.0,79.46,1
2021-12-30,10.57,3.7,17.5,77.33,9,0.0,0.0,77.28,1
2021-12-31,11.19,4.9,17.6,79.42,10,0.0,0.0,77.17,1
2022-01-01,10.76,4.9,17.5,80.96,11,0.0,0.0,79.24,1
2022-01-02,11.62,5.1,18.4,77.92,10,0.0,0.0,79.43,1
2022-01-03,12.05,5.7,19.0,76.38,10,0.0,0.0,78.42,1
2022-01-04,12.65,10.5,14.5,84.96,13,2.9,2.9,79.75,1
2022-01-05,12.36,10.4,13.7,94.67,24,28.7,31.6,85.34,1
2022-01-06,13.8,10.7,17.9,85.46,17,6.6,38.2,88.36,1
2022-01-07,13.2,9.1,15.8,90.71,23,11.4,46.7,90.28,1
2022-01-08,13.75,11.4,15.0,93.0,24,58.2,76.2,89.72,1
2022-01-09,12.15,10.0,15.9,90.46,18,0.4,70.0,91.39,1
2022-01-10,11.95,7.9,16.1,87.58,16,0.6,59.2,90.35,1
2022-01-11,10.72,6.3,16.2,89.67,15,0.0,1.0,89.24,1
2022-01-12,11.64,7.3,17.1,89.75,16,0.0,0.6,89.0,1
2022-01-13,11.29,7.9,16.2,87.21,15,0.0,0.0,88.88,1
2022-01-14,9.97,6.2,15.5,88.38,15,0.0,0.0,88.45,1
2022-01-15,10.12,5.2,14.4,84.88,12,0.0,0.0,86.82,1
2022-01-16,9.33,5.7,13.6,90.88,18,0.0,0.0,88.05,1
2022-01-17,8.97,5.3,13.1,93.0,19,0.0,0.0,89.59,1
2022-01-18,9.28,6.2,14.8,91.29,18,0.0,0.0,91.72,1
2022-01-19,10.83,5.7,15.9,92.12,20,3.3,3.3,92.14,1
2022-01-20,12.65,10.4,16.5,88.29,17,0.1,3.4,90.57,1
2022-01-21,11.86,7.7,17.4,87.62,16,0.0,3.4,89.34,1
2022-01-22,11.74,9.8,13.2,87.21,17,11.6,11.7,87.71,1
2022-01-23,11.47,8.7,13.1,89.92,22,7.8,19.4,88.25,1
2022-01-24,10.78,6.8,15.3,87.96,18,0.1,19.5,88.36,1
2022-01-25,10.54,5.6,15.5,86.71,14,0.0,7.9,88.2,1
2022-01-26,10.88,6.9,15.4,87.08,15,0.4,0.5,87.25,1
2022-01-27,10.16,5.7,16.0,86.12,15,0.0,0.4,86.64,1
2022-01-28,9.56,3.3,15.7,79.5,12,0.0,0.4,84.23,1
2022-01-29,11.26,6.9,18.2,81.58,15,0.0,0.0,82.4,1
2022-01-30,11.0,5.0,17.3,84.46,14,0.0,0.0,81.85,1
2022-01-31,12.2,6.2,19.0,86.83,18,0.0,0.0,84.29,1
2022-02-01,11.93,7.1,18.2,91.5,19,0.0,0.0,87.6,1
2022-02-02,11.78,6.8,17.2,84.33,13,0.0,0.0,87.55,1
2022-02-03,11.07,9.5,12.4,90.29,23,24.6,24.6,88.71,1
2022-02-04,11.16,8.8,15.6,85.38,16,2.1,26.7,86.67,1
2022-02-05,9.89,5.1,16.0,88.08,17,0.0,26.7,87.92,1
2022-02-06,11.09,5.7,18.0,87.83,16,0.0,2.1,87.1,1
2022-02-07,12.73,7.4,19.6,84.5,14,0.0,0.0,86.8,1
2022-02-08,13.35,7.3,20.1,82.25,14,0.0,0.0,84.86,1
2022-02-09,14.02,9.7,19.5,76.5,8,0.3,0.3,81.08,1
2022-02-10,11.93,6.2,19.0,76.62,8,0.0,0.3,78.46,1
2022-02-11,11.26,5.3,18.1,75.25,6,0.0,0.3,76.12,1
2022-02-12,12.5,5.3,19.5,76.17,6,0.0,0.0,76.01,1
2022-02-13,12.94,6.2,20.7,80.0,11,0.0,0.0,77.14,1
2022-02-14,13.58,7.7,20.9,80.33,11,0.0,0.0,78.83,1
2022-02-15,14.13,8.0,20.8,78.25,9,0.0,0.0,79.53,1
2022-02-16,14.26,8.9,21.3,80.42,12,0.0,0.0,79.67,1
2022-02-17,14.58,8.0,22.0,73.17,5,0.0,0.0,77.28,1
2022-02-18,14.39,7.0,21.1,75.42,8,0.0,0.0,76.34,1
2022-02-19,13.85,7.1,21.6,78.33,10,0.0,0.0,75.64,1
2022-02-20,13.23,6.6,21.0,71.62,7,0.0,0.0,75.12,1
2022-02-21,13.5,6.0,21.5,75.21,9,0.0,0.0,75.05,1
2022-02-22,17.48,10.8,23.8,63.5,5,2.7,2.7,70.11,1
2022-02-23,17.67,12.5,23.4,73.38,5,9.8,12.5,70.7,1
2022-02-24,15.28,10.3,22.3,79.38,12,2.1,14.6,72.09,1
2022-02-25,14.98,9.0,22.0,76.62,11,2.8,14.7,76.46,1
2022-02-26,12.91,9.0,17.1,88.42,18,7.2,12.1,81.47,1
2022-02-27,12.53,7.1,19.7,81.12,14,0.0,10.0,82.05,1
2022-02-28,12.85,6.6,20.3,80.5,15,0.0,7.2,83.35,1
2022-03-01,15.5,9.3,21.8,78.04,10,1.2,1.2,79.89,1
2022-03-02,16.9,11.8,23.0,78.58,12,0.0,1.2,79.04,1
2022-03-03,15.06,12.9,19.3,90.38,20,8.5,9.7,82.33,1
2022-03-04,15.61,10.5,22.5,81.17,14,0.0,8.5,83.38,1
2022-03-05,15.72,9.5,22.9,80.67,14,0.0,8.5,84.07,1
2022-03-06,17.79,12.4,23.7,78.12,10,0.0,0.0,79.99,1
2022-03-07,18.35,13.9,25.1,74.42,8,0.0,0.0,77.74,1
2022-03-08,17.85,10.5,26.2,76.71,11,0.0,0.0,76.42,1
2022-03-09,18.7,13.0,26.6,72.17,8,0.0,0.0,74.43,1
2022-03-10,18.59,11.8,26.3,75.12,9,0.0,0.0,74.67,1
2022-03-11,19.37,12.9,27.2,73.79,9,0.0,0.0,73.69,1
2022-03-12,20.12,12.2,27.9,73.46,8,0.0,0.0,74.12,1
2022-03-13,22.11,16.2,29.1,73.5,7,0.0,0.0,73.58,1
2022-03-14,22.45,14.7,29.8,75.12,10,0.0,0.0,74.03,1
2022-03-15,23.49,17.4,31.1,77.96,11,0.0,0.0,75.53,1
2022-03-16,23.5,16.1,32.2,70.79,7,0.0,0.0,74.62,1
2022-03-17,23.67,15.5,32.6,72.0,7,0.0,0.0,73.58,1
2022-03-18,26.44,20.9,33.5,72.42,8,0.0,0.0,71.74,1
2022-03-19,25.86,19.7,33.8,72.0,10,0.0,0.0,72.14,1
2022-03-20,25.29,18.3,33.2,65.29,8,0.0,0.0,69.9,0
2022-03-21,24.09,17.1,32.2,67.25,6,0.0,0.0,68.18,0
2022-03-22,23.53,16.5,32.2,59.67,1,0.0,0.0,64.07,0
2022-03-23,23.98,15.1,32.7,58.92,1,0.0,0.0,61.95,0
2022-03-24,24.32,18.0,31.9,58.46,1,0.0,0.0,59.02,0
2022-03-25,23.31,16.1,31.6,51.0,0,0.0,0.0,56.13,0
2022-03-26,22.98,14.4,31.2,55.25,0,0.0,0.0,54.9,0
2022-03-27,23.74,16.2,32.9,57.04,0,0.0,0.0,54.43,0
2022-03-28,25.56,16.0,34.8,58.46,7,0.0,0.0,56.92,0
2022-03-29,25.14,16.9,34.6,61.83,1,0.0,0.0,59.11,0
2022-03-30,26.06,18.4,34.7,52.29,0,0.0,0.0,57.53,0
2022-03-31,25.45,17.7,34.5,50.21,0,0.0,0.0,54.78,0
2022-04-01,23.39,14.6,32.1,51.08,0,0.0,0.0,51.19,0
2022-04-02,24.62,16.0,34.5,53.17,7,0.0,0.0,51.49,0
2022-04-03,25.18,17.2,35.4,37.83,0,0.0,0.0,47.36,0
2022-04-04,25.9,16.6,34.7,39.83,0,0.0,0.0,43.61,0
2022-04-05,26.12,18.2,34.9,39.96,0,0.0,0.0,39.21,0
2022-04-06,26.55,16.3,35.3,43.0,0,0.0,0.0,40.93,0
2022-04-07,27.33,19.0,36.5,45.29,0,0.0,0.0,42.75,0
2022-04-08,27.54,18.0,37.1,49.08,0,0.0,0.0,45.79,0
2022-04-09,28.41,19.0,37.8,41.67,0,0.0,0.0,45.35,0
2022-04-10,28.63,20.2,38.0,43.25,0,0.0,0.0,44.67,0
2022-04-11,28.7,19.0,38.5,43.54,0,0.0,0.0,42.82,0
2022-04-12,29.89,22.0,38.5,32.58,0,0.0,0.0,39.79,0
2022-04-13,29.38,22.5,37.7,37.92,0,0.1,0.1,38.01,0
2022-04-14,28.41,20.0,36.9,31.08,0,0.0,0.1,33.86,0
2022-04-15,27.01,20.7,34.4,34.92,0,0.6,0.7,34.64,0
2022-04-16,27.42,18.8,36.1,35.17,0,0.0,0.6,33.72,0
2022-04-17,28.19,18.9,37.2,35.08,0,0.0,0.6,35.06,0
2022-04-18,29.48,19.7,39.0,35.42,0,0.0,0.0,35.22,0
2022-04-19,30.13,21.6,38.7,34.54,0,0.0,0.0,35.01,0
2022-04-20,29.88,22.7,37.9,32.71,0,0.0,0.0,34.22,0
2022-04-21,28.6,22.4,36.8,29.96,0,0.2,0.2,32.4,0
2022-04-22,27.36,19.0,35.0,37.75,0,0.0,0.2,33.47,0
2022-04-23,27.88,19.4,35.7,34.79,0,0.0,0.2,34.17,0
2022-04-24,27.92,18.9,36.1,34.12,0,0.0,0.0,35.55,0
2022-04-25,28.88,20.7,36.7,32.83,0,0.0,0.0,33.91,0
2022-04-26,29.47,20.7,38.0,29.96,0,0.0,0.0,32.3,0
2022-04-27,30.81,21.1,39.3,30.58,0,0.0,0.0,31.12,0
2022-04-28,31.53,22.7,40.8,31.62,0,0.0,0.0,30.72,0
2022-04-29,32.1,23.6,41.2,26.04,0,0.0,0.0,29.41,0
2022-04-30,31.56,22.6,40.4,29.08,0,0.0,0.0,28.91,0
2022-05-01,31.27,24.2,38.7,32.79,0,0.2,0.2,29.3,0
2022-05-02,31.82,25.4,38.8,38.04,0,0.0,0.2,33.3,0
2022-05-03,30.78,27.0,35.6,44.42,0,1.6,1.8,38.42,0
2022-05-04,29.6,24.3,34.8,45.96,0,0.6,2.2,42.81,0
2022-05-05,29.13,22.3,36.2,44.33,0,0.0,2.2,44.9,0
2022-05-06,30.15,22.4,36.7,35.29,0,0.0,0.6,41.86,0
2022-05-07,29.85,21.6,37.7,38.29,0,0.0,0.0,39.3,0
2022-05-08,30.77,22.8,38.9,38.17,0,0.0,0.0,37.25,0
2022-05-09,31.6,25.5,38.2,43.42,0,0.0,0.0,39.96,0
2022-05-10,31.42,26.8,36.9,47.96,0,0.0,0.0,43.18,0
2022-05-11,32.27,25.4,39.9,45.21,0,0.0,0.0,45.53,0
2022-05-12,33.07,26.4,40.9,41.92,0,0.0,0.0,45.03,0
2022-05-13,32.92,25.4,41.8,36.33,0,0.0,0.0,41.15,0
2022-05-14,33.32,24.5,42.5,24.5,0,0.0,0.0,34.25,0
2022-05-15,33.38,24.1,43.3,25.71,0,0.0,0.0,28.85,0
2022-05-16,33.17,27.9,39.9,30.42,0,0.0,0.0,26.88,0
2022-05-17,31.35,25.0,38.4,35.71,0,0.9,0.9,30.61,0
2022-05-18,32.14,24.2,40.0,32.5,0,0.0,0.9,32.88,0
2022-05-19,32.45,24.6,40.9,32.62,0,0.0,0.9,33.61,0
2022-05-20,33.74,24.9,43.1,24.38,0,0.0,0.0,29.83,0
2022-05-21,32.46,23.9,39.3,25.58,0,0.0,0.0,27.53,0
2022-05-22,31.3,22.7,38.7,32.29,0,0.0,0.0,27.42,0
2022-05-23,27.51,22.4,34.6,51.25,0,9.2,9.2,36.37,0
2022-05-24,23.59,20.0,29.1,69.79,3,6.5,15.7,51.11,0
2022-05-25,26.91,19.6,33.1,55.42,1,0.0,15.7,58.82,0
2022-05-26,29.28,22.7,35.6,50.54,0,0.0,6.5,58.58,0
2022-05-27,30.78,24.2,37.5,50.38,0,0.0,0.0,52.11,0
2022-05-28,31.65,25.6,37.9,52.0,0,0.7,0.7,50.97,0
2022-05-29,31.28,25.3,37.9,51.21,0,0.5,1.2,51.2,0
2022-05-30,30.59,26.2,35.3,54.79,0,1.2,2.4,52.67,0
2022-05-31,31.7,24.8,38.2,43.21,0,0.1,1.8,49.74,0
2022-06-01,31.83,23.1,39.7,35.0,0,0.0,1.3,44.33,0
2022-06-02,31.97,23.8,40.0,31.58,0,0.0,0.1,36.6,0
2022-06-03,32.68,24.2,40.4,27.08,0,0.0,0.0,31.22,0
2022-06-04,32.97,23.7,41.4,29.92,0,0.0,0.0,29.53,0
2022-06-05,32.76,23.7,41.4,28.62,0,0.0,0.0,28.54,0
2022-06-06,33.43,24.8,41.3,29.33,0,0.0,0.0,29.29,0
2022-06-07,34.16,26.1,42.3,28.62,0,0.0,0.0,28.86,0
2022-06-08,34.8,27.6,42.4,24.67,0,0.0,0.0,27.54,0
2022-06-09,34.59,26.3,42.3,26.38,0,0.0,0.0,26.56,0
2022-06-10,34.06,25.2,42.2,27.92,0,0.0,0.0,26.32,0
2022-06-11,34.19,26.9,41.4,29.04,0,0.0,0.0,27.78,0
2022-06-12,34.41,26.7,41.2,29.29,0,0.0,0.0,28.75,0
2022-06-13,35.26,27.8,41.9,28.42,0,0.0,0.0,28.92,0
2022-06-14,35.24,27.5,42.7,27.88,0,0.0,0.0,28.53,0
2022-06-15,35.85,28.8,42.6,29.96,0,0.0,0.0,28.75,0
2022-06-16,32.77,28.2,37.8,44.04,0,3.1,3.1,33.96,0
2022-06-17,29.64,25.8,34.9,62.71,0,0.1,3.2,45.57,0
2022-06-18,26.18,22.1,32.1,79.21,10,13.6,16.8,61.99,0
2022-06-19,26.86,21.3,32.4,72.58,8,0.8,14.5,71.5,0
2022-06-20,27.15,22.7,31.4,70.38,6,1.0,15.4,74.06,0
2022-06-21,25.13,21.8,28.4,80.88,7,5.4,7.2,74.61,0
2022-06-22,26.4,22.3,31.3,75.96,7,22.8,29.2,75.74,0
2022-06-23,27.55,22.6,33.8,66.79,7,0.0,28.2,74.54,0
2022-06-24,28.23,21.3,34.7,62.42,0,0.0,22.8,68.39,0
2022-06-25,29.85,22.7,36.3,60.42,4,0.0,0.0,63.21,0
2022-06-26,31.21,24.9,36.9,60.33,0,0.1,0.1,61.06,0
2022-06-27,32.09,28.2,36.6,65.21,0,0.1,0.2,61.99,0
2022-06-28,32.71,27.7,37.7,65.25,0,1.0,1.2,63.6,0
2022-06-29,32.56,28.8,36.8,66.12,0,0.1,1.2,65.53,0
2022-06-30,27.08,24.8,29.7,85.17,13,11.3,12.4,72.18,0
2022-07-01,27.75,24.6,31.8,81.5,13,14.2,25.6,77.6,0
2022-07-02,29.55,25.7,33.4,78.25,9,1.3,26.8,81.64,0
2022-07-03,29.13,25.7,33.0,81.58,13,7.8,23.3,80.44,0
2022-07-04,30.61,26.8,34.7,77.71,9,0.2,9.3,79.18,0
2022-07-05,31.77,28.2,35.6,73.17,4,2.9,10.9,77.49,0
2022-07-06,29.72,26.3,35.1,80.62,9,3.0,6.1,77.17,0
2022-07-07,30.46,26.6,34.6,78.5,8,0.8,6.7,77.43,0
2022-07-08,29.79,25.1,34.7,81.79,13,22.7,26.5,80.3,0
2022-07-09,29.06,26.3,35.0,84.62,17,12.0,35.5,81.64,0
2022-07-10,26.84,24.4,30.7,87.17,16,24.4,59.1,84.53,0
2022-07-11,29.29,25.5,32.8,83.88,12,3.8,40.2,85.22,0
2022-07-12,29.59,25.4,34.1,81.21,13,6.4,34.6,84.09,0
2022-07-13,28.89,25.3,33.5,84.0,14,3.1,13.3,83.03,0
2022-07-14,28.35,25.7,32.7,86.25,15,4.9,14.4,83.82,0
2022-07-15,28.95,25.8,33.2,78.88,10,4.0,12.0,83.04,0
2022-07-16,30.05,24.8,34.9,75.0,9,0.0,8.9,80.04,0
2022-07-17,27.7,24.5,31.2,86.62,15,25.3,29.3,80.17,0
2022-07-18,30.16,25.3,34.6,77.58,8,0.0,25.3,79.73,0
2022-07-19,30.9,26.8,34.5,77.21,9,0.1,25.4,80.47,0
2022-07-20,28.83,25.6,32.0,86.5,14,26.6,26.7,80.43,0
2022-07-21,25.82,24.2,29.5,90.75,19,66.1,92.8,84.82,0
2022-07-22,27.98,25.2,32.3,86.58,16,5.3,98.0,87.94,0
2022-07-23,28.13,25.6,30.5,84.79,11,0.5,71.9,87.37,0
2022-07-24,28.97,26.0,33.6,80.62,13,5.7,11.5,84.0,0
2022-07-25,29.15,26.3,32.7,77.54,8,1.0,7.2,80.98,0
2022-07-26,28.55,25.9,32.1,80.17,11,1.5,8.2,79.44,0
2022-07-27,27.79,25.9,31.8,86.29,17,7.9,10.4,81.33,0
2022-07-28,27.34,25.6,31.1,89.38,19,11.2,20.6,85.28,0
2022-07-29,26.88,24.8,30.7,89.42,17,6.7,25.8,88.36,0
2022-07-30,26.24,24.2,30.2,90.75,19,13.9,31.8,89.85,0
2022-07-31,26.58,24.7,30.0,89.38,16,15.1,35.7,89.85,0
2022-08-01,26.63,23.6,29.7,88.25,15,10.2,39.2,89.46,0
2022-08-02,28.89,24.2,33.1,82.04,13,0.1,25.4,86.56,0
2022-08-03,29.33,25.4,33.5,81.96,13,0.4,10.7,84.08,0
2022-08-04,27.63,25.6,31.3,87.58,17,11.2,11.7,83.86,0
2022-08-05,27.62,25.8,30.2,90.21,16,13.6,25.2,86.58,0
2022-08-06,28.44,25.3,32.1,85.96,15,1.7,26.5,87.92,0
2022-08-07,27.79,25.9,31.9,89.83,18,3.5,18.8,88.67,0
2022-08-08,29.48,25.1,33.4,80.71,9,0.2,5.4,85.5,0
2022-08-09,29.98,26.7,33.6,81.62,11,1.6,5.3,84.05,0
2022-08-10,30.35,26.4,34.5,81.08,11,0.0,1.8,81.14,0
2022-08-11,26.93,25.1,28.7,86.79,17,21.0,22.6,83.16,0
2022-08-12,29.38,25.4,34.2,72.62,3,0.0,21.0,80.16,0
2022-08-13,29.67,25.6,34.5,79.5,10,0.0,21.0,79.64,0
2022-08-14,29.16,26.2,33.2,83.33,13,13.2,13.2,78.48,0
2022-08-15,26.82,25.2,30.7,88.54,17,28.8,42.0,83.79,0
2022-08-16,28.52,25.2,32.4,78.29,9,0.0,42.0,83.39,0
2022-08-17,28.66,26.3,31.9,77.75,4,0.1,28.9,81.53,0
2022-08-18,29.05,25.3,32.9,79.38,11,0.2,0.3,78.47,0
2022-08-19,28.52,26.2,32.3,85.04,13,2.7,3.0,80.72,0
2022-08-20,27.58,25.0,31.4,84.54,15,3.4,6.3,82.99,0
2022-08-21,28.3,24.1,32.2,82.79,12,1.2,7.3,84.12,0
2022-08-22,29.25,25.1,33.6,78.67,10,0.0,4.6,82.0,0
2022-08-23,30.08,25.7,34.1,77.58,8,0.7,1.9,79.68,0
2022-08-24,28.45,26.7,32.1,81.88,11,13.6,14.3,79.38,0
2022-08-25,28.42,25.5,31.8,84.0,14,2.8,17.1,81.15,0
2022-08-26,28.92,25.7,32.5,79.46,11,2.4,18.8,81.78,0
2022-08-27,28.48,25.5,32.1,82.29,12,3.6,8.8,81.92,0
2022-08-28,28.32,25.9,33.0,81.67,13,2.3,8.3,81.14,0
2022-08-29,27.77,24.5,31.3,84.04,14,5.6,11.5,82.67,0
2022-08-30,28.23,23.7,32.6,84.54,14,3.5,11.4,83.42,0
2022-08-31,29.04,25.3,33.6,81.58,12,1.0,10.1,83.39,0
2022-09-01,29.55,25.4,34.5,78.33,11,0.0,4.5,81.48,0
2022-09-02,28.42,25.8,31.9,81.5,12,0.3,1.3,80.47,0
2022-09-03,28.42,25.2,32.7,81.29,11,2.1,2.4,80.37,0
2022-09-04,28.59,24.8,32.8,75.75,8,0.3,2.7,79.51,0
2022-09-05,28.25,25.3,33.3,78.04,12,0.3,2.7,78.36,0
2022-09-06,27.81,24.1,32.3,82.25,14,0.5,1.1,78.68,0
2022-09-07,28.98,24.5,33.2,71.04,8,0.0,0.8,77.11,0
2022-09-08,28.98,24.6,33.7,74.38,10,0.0,0.5,75.89,0
2022-09-09,28.77,25.4,33.3,79.67,12,0.5,0.5,75.03,0
2022-09-10,28.53,25.7,32.9,78.42,11,0.2,0.7,77.49,0
2022-09-11,27.7,24.8,32.5,79.5,13,4.1,4.8,79.2,0
2022-09-12,27.67,23.6,32.5,78.92,11,0.1,4.4,78.95,0
2022-09-13,28.42,24.0,33.1,76.04,9,0.0,4.2,78.15,0
2022-09-14,28.65,24.4,33.5,75.0,10,0.0,0.1,76.65,0
2022-09-15,27.58,23.3,31.8,78.42,8,0.1,0.1,76.49,0
2022-09-16,27.12,21.9,31.9,78.21,11,1.2,1.3,77.21,0
2022-09-17,28.1,23.6,32.8,75.88,8,0.5,1.8,77.5,0
2022-09-18,28.4,23.3,34.2,73.25,8,0.0,1.7,75.78,0
2022-09-19,28.45,22.9,34.3,71.88,8,0.0,0.5,73.67,0
2022-09-20,28.35,25.3,32.1,73.29,4,0.0,0.0,72.81,0
2022-09-21,27.3,25.2,30.1,81.79,12,9.5,9.5,75.65,0
2022-09-22,26.61,24.2,29.9,83.83,13,0.0,9.5,79.64,0
2022-09-23,26.39,23.7,30.2,81.58,9,1.3,10.8,82.4,0
2022-09-24,25.05,23.3,27.8,87.04,15,37.1,38.4,84.15,0
2022-09-25,24.38,22.5,27.9,85.04,15,123.3,161.7,84.55,1
2022-09-26,24.83,20.5,29.9,84.12,14,0.0,160.4,85.4,1
2022-09-27,25.62,21.0,30.4,82.67,12,0.0,123.3,83.94,1
2022-09-28,25.83,21.7,30.3,81.88,13,0.0,0.0,82.89,1
2022-09-29,26.4,21.9,31.3,79.96,12,0.0,0.0,81.5,1
2022-09-30,26.88,22.3,32.0,77.96,11,0.1,0.1,79.93,1
2022-10-01,26.78,22.3,32.4,77.0,10,0.1,0.2,78.31,1
2022-10-02,26.51,21.4,33.0,76.83,9,0.0,0.2,77.26,1
2022-10-03,26.48,20.9,33.1,74.42,10,0.0,0.1,76.08,1
2022-10-04,26.52,22.0,32.5,72.67,5,0.0,0.0,74.64,0
2022-10-05,26.08,20.7,32.4,72.12,6,0.0,0.0,73.07,0
2022-10-06,25.35,20.9,30.6,77.92,6,0.0,0.0,74.24,0
2022-10-07,25.24,21.6,29.8,79.0,11,0.3,0.3,76.35,1
2022-10-08,24.48,21.1,29.0,79.0,13,0.1,0.4,78.64,1
2022-10-09,24.13,20.6,28.9,82.58,13,3.6,4.0,80.19,1
2022-10-10,23.15,20.1,27.4,84.29,13,0.9,4.6,81.96,1
2022-10-11,22.28,19.1,26.9,84.58,15,15.3,19.8,83.82,1
2022-10-12,22.33,17.9,27.8,81.08,11,0.0,16.2,83.32,1
2022-10-13,23.66,18.4,29.8,70.62,7,0.0,15.3,78.76,1
2022-10-14,23.76,19.5,29.8,66.38,0,0.0,0.0,72.69,1
2022-10-15,23.14,16.9,30.1,69.67,6,0.0,0.0,68.89,1
2022-10-16,23.7,17.1,30.7,71.21,7,0.0,0.0,69.09,1
2022-10-17,23.71,17.4,30.6,69.42,7,0.0,0.0,70.1,1
2022-10-18,22.62,17.2,30.1,69.96,8,0.0,0.0,70.2,0
2022-10-19,22.16,16.5,30.1,68.42,1,0.0,0.0,69.27,0
2022-10-20,21.31,17.4,26.8,62.71,0,4.5,4.5,67.03,0
2022-10-21,22.06,16.0,29.5,60.38,0,0.0,4.5,63.84,0
2022-10-22,21.34,15.9,29.1,62.75,0,0.0,4.5,61.95,0
2022-10-23,21.62,16.7,29.2,62.29,0,0.0,0.0,61.81,0
2022-10-24,20.91,14.3,29.1,66.21,6,0.0,0.0,63.75,0
2022-10-25,21.36,14.6,29.1,65.92,6,0.0,0.0,64.81,0
2022-10-26,21.78,14.5,29.8,68.79,8,0.0,0.0,66.97,1
2022-10-27,21.74,14.6,29.6,69.46,9,0.0,0.0,68.06,1
2022-10-28,21.67,15.0,29.3,70.29,8,0.0,0.0,69.51,1
2022-10-29,21.77,15.8,29.1,71.67,8,0.0,0.0,70.47,1
2022-10-30,21.8,15.7,29.1,72.67,10,0.0,0.0,71.54,1
2022-10-31,21.61,15.7,29.4,73.46,11,0.0,0.0,72.6,1
2022-11-01,21.27,16.4,28.8,74.17,9,7.8,7.8,73.43,1
2022-11-02,21.86,17.2,29.0,65.33,2,0.0,7.8,70.99,1
2022-11-03,21.43,15.5,28.0,69.25,2,0.0,7.8,69.58,1
2022-11-04,20.68,15.4,28.6,78.25,13,0.0,0.0,70.94,1
2022-11-05,21.26,16.3,28.4,79.12,10,0.0,0.0,75.54,1
2022-11-06,22.15,17.8,27.5,72.42,3,5.6,5.6,76.6,1
2022-11-07,20.79,16.8,28.4,80.83,11,0.0,5.6,77.46,1
2022-11-08,19.11,15.2,26.7,84.75,15,4.9,10.5,79.33,1
2022-11-09,18.02,14.1,25.2,84.17,17,5.7,10.6,83.25,1
2022-11-10,18.49,13.8,25.0,74.17,7,0.0,10.6,81.03,1
2022-11-11,16.88,11.8,23.9,75.29,5,0.0,5.7,77.88,1
2022-11-12,16.5,10.9,23.2,72.83,7,0.0,0.0,74.1,1
2022-11-13,17.53,10.5,23.7,69.33,3,0.0,0.0,72.48,1
2022-11-14,17.74,14.5,21.5,68.38,0,1.2,1.2,70.18,1
2022-11-15,17.07,12.6,23.6,76.21,8,0.0,1.2,71.31,1
2022-11-16,16.11,11.5,22.3,77.83,11,0.0,1.2,74.14,1
2022-11-17,15.8,10.7,22.8,78.71,9,0.0,0.0,77.58,1
2022-11-18,16.45,11.1,22.9,72.25,7,0.0,0.0,76.26,1
2022-11-19,15.33,9.1,22.3,77.42,11,0.0,0.0,76.13,1
2022-11-20,14.82,9.7,23.0,80.46,14,0.0,0.0,76.71,1
2022-11-21,14.59,9.1,22.5,78.42,11,0.0,0.0,78.77,1
2022-11-22,15.02,9.2,23.2,75.42,9,0.0,0.0,78.1,1
2022-11-23,15.43,10.0,23.0,76.17,12,0.0,0.0,76.67,1
2022-11-24,14.9,8.4,22.7,75.75,12,0.0,0.0,75.78,1
2022-11-25,15.33,9.5,23.8,73.88,9,0.0,0.0,75.27,1
2022-11-26,15.3,8.8,23.2,77.12,8,0.0,0.0,75.58,1
2022-11-27,16.39,11.3,23.0,75.08,9,0.0,0.0,75.36,1
2022-11-28,15.62,8.5,22.9,80.75,10,0.0,0.0,77.65,1
2022-11-29,14.92,9.5,22.3,84.96,16,0.0,0.0,80.26,1
2022-11-30,15.09,9.5,22.1,84.38,13,0.0,0.0,83.36,1
2022-12-01,15.17,8.8,22.4,80.83,12,0.0,0.0,83.39,1
2022-12-02,15.15,9.5,21.4,80.92,11,0.0,0.0,82.04,1
2022-12-03,15.23,10.6,22.3,80.62,14,0.0,0.0,80.79,1
2022-12-04,14.21,7.9,22.2,76.0,9,0.0,0.0,79.18,1
2022-12-05,14.22,7.9,21.6,77.0,11,0.0,0.0,77.87,1
2022-12-06,13.12,7.3,21.3,77.62,11,0.0,0.0,76.87,1
2022-12-07,12.82,6.2,21.3,75.71,9,0.0,0.0,76.78,1
2022-12-08,14.5,9.3,22.0,75.46,9,0.0,0.0,76.26,1
2022-12-09,14.4,8.0,22.7,76.29,11,0.0,0.0,75.82,1
2022-12-10,14.9,10.0,22.7,75.42,9,0.0,0.0,75.72,1
2022-12-11,14.21,8.1,23.2,70.42,10,0.0,0.0,74.04,1
2022-12-12,13.62,7.3,22.6,67.83,8,0.0,0.0,71.22,1
2022-12-13,13.9,7.6,22.8,61.62,3,0.0,0.0,66.62,1
2022-12-14,12.6,5.0,20.1,66.21,3,0.0,0.0,65.22,1
2022-12-15,13.47,7.0,20.5,69.12,6,0.0,0.0,65.65,1
2022-12-16,13.38,7.0,21.0,71.79,7,0.0,0.0,69.04,1
2022-12-17,13.34,6.4,21.2,76.67,6,0.0,0.0,72.53,1
2022-12-18,13.37,7.2,20.5,81.83,12,0.0,0.0,76.76,1
2022-12-19,12.64,7.8,19.7,88.5,19,0.0,0.0,82.33,1
2022-12-20,11.71,8.2,18.2,89.75,19,0.0,0.0,86.69,1
2022-12-21,11.22,6.9,18.4,89.12,19,0.0,0.0,89.12,1
2022-12-22,10.4,7.5,16.5,92.58,19,0.0,0.0,90.48,1
2022-12-23,9.6,6.7,14.9,88.88,19,0.0,0.0,90.19,1
2022-12-24,8.85,5.8,15.5,89.0,18,0.0,0.0,90.15,1
2022-12-25,9.14,4.5,16.0,89.54,18,0.0,0.0,89.14,1
2022-12-26,9.83,5.0,17.6,88.33,18,0.0,0.0,88.96,1
2022-12-27,8.88,4.5,16.4,89.04,18,0.0,0.0,88.97,1
2022-12-28,9.37,4.0,17.0,85.42,14,0.0,0.0,87.6,1
2022-12-29,10.36,6.1,13.2,89.12,21,0.8,0.8,87.86,1
2022-12-30,13.35,9.0,19.8,80.58,15,0.4,1.2,85.04,1
2022-12-31,9.98,4.7,17.1,89.58,18,0.0,1.2,86.43,1
2023-01-01,10.4,6.3,15.4,87.04,16,0.0,0.4,85.73,1
2023-01-02,8.91,4.5,15.0,90.08,19,0.0,0.0,88.9,1
2023-01-03,8.53,5.1,14.9,92.0,19,0.0,0.0,89.71,1
2023-01-04,8.13,4.6,15.3,92.29,19,0.0,0.0,91.46,1
2023-01-05,8.28,4.4,15.2,90.92,18,0.0,0.0,91.74,1
2023-01-06,7.13,4.2,11.6,92.67,18,0.0,0.0,91.96,1
2023-01-07,8.95,5.0,14.9,90.08,18,0.5,0.5,91.22,1
2023-01-08,9.65,5.2,15.0,92.42,19,0.0,0.5,91.72,1
2023-01-09,9.66,5.9,15.3,93.46,19,0.0,0.5,91.99,1
2023-01-10,10.18,7.3,16.4,91.75,18,0.0,0.0,92.54,1
2023-01-11,10.5,6.7,13.5,93.75,23,2.0,2.0,92.99,1
2023-01-12,12.0,6.8,18.5,84.62,17,0.0,2.0,90.04,1
2023-01-13,11.86,8.3,15.9,89.58,17,6.9,8.9,89.32,1
2023-01-14,10.05,6.1,14.2,89.33,18,0.0,6.9,87.84,1
2023-01-15,7.63,2.5,14.9,75.17,5,0.0,6.9,84.69,1
2023-01-16,7.5,1.4,15.4,75.71,8,0.0,0.0,80.07,0
2023-01-17,7.54,0.5,14.8,73.67,9,0.0,0.0,74.85,0
2023-01-18,8.99,2.1,15.2,75.75,6,0.0,0.0,75.04,0
2023-01-19,12.18,6.7,18.5,70.04,5,0.0,0.0,73.15,0
2023-01-20,10.37,6.8,13.6,83.12,11,1.4,1.4,76.3,0
2023-01-21,11.07,6.8,18.6,82.96,16,0.0,1.4,78.71,1
2023-01-22,10.75,6.3,18.4,78.67,12,0.0,1.4,81.58,1
2023-01-23,11.79,5.5,19.1,78.79,10,0.0,0.0,80.14,1
2023-01-24,11.69,5.4,18.1,86.33,16,0.7,0.7,81.26,1
2023-01-25,13.56,11.4,16.9,89.88,18,2.1,2.8,85.0,1
2023-01-26,11.71,8.5,16.7,89.62,19,0.1,2.9,88.61,1
2023-01-27,10.22,4.0,18.3,76.79,11,0.0,2.2,85.43,1
2023-01-28,11.23,3.9,19.5,78.33,11,0.0,0.1,81.58,1
2023-01-29,11.43,5.7,17.7,87.71,18,3.4,3.4,80.94,1
2023-01-30,13.4,10.6,17.8,83.25,14,7.1,10.5,83.1,1
2023-01-31,12.36,7.8,18.6,84.79,15,0.0,10.5,85.25,1
2023-02-01,11.01,5.1,18.5,83.38,16,0.0,7.1,83.81,1
2023-02-02,11.5,4.7,19.0,81.21,10,0.0,0.0,83.13,1
2023-02-03,13.18,6.3,20.8,79.33,11,0.0,0.0,81.31,1
2023-02-04,13.85,7.4,21.3,82.75,12,0.0,0.0,81.1,1
2023-02-05,13.86,7.1,21.6,78.0,11,0.0,0.0,80.03,1
2023-02-06,15.05,8.5,21.7,74.75,8,2.2,2.2,78.5,1
2023-02-07,13.72,8.8,21.4,69.67,8,0.0,2.2,74.14,1
2023-02-08,14.17,7.4,21.0,68.62,3,0.0,2.2,71.01,1
2023-02-09,14.61,7.2,20.3,71.58,4,0.0,0.0,69.96,1
2023-02-10,17.69,12.5,24.1,63.5,1,2.2,2.2,67.9,0
2023-02-11,14.85,10.2,21.9,69.42,9,0.0,2.2,68.17,0
2023-02-12,12.58,6.5,19.5,54.5,4,0.0,2.2,62.47,0
2023-02-13,10.78,4.1,19.0,54.29,0,0.0,0.0,59.4,0
2023-02-14,13.72,6.1,21.7,63.75,4,0.0,0.0,57.51,0
2023-02-15,16.0,8.1,24.7,65.58,7,0.0,0.0,61.21,1
2023-02-16,18.47,10.7,26.5,65.58,1,0.0,0.0,64.97,1
2023-02-17,17.73,10.9,25.6,78.83,11,0.0,0.0,70.0,1
2023-02-18,17.28,10.7,25.3,84.0,15,0.0,0.0,76.14,1
2023-02-19,18.36,12.5,25.7,80.33,14,0.0,0.0,81.05,1
2023-02-20,20.31,14.9,27.6,79.71,12,0.0,0.0,81.35,1
2023-02-21,19.6,13.7,26.6,68.42,3,0.0,0.0,76.15,1
2023-02-22,17.91,11.9,25.7,68.29,5,0.0,0.0,72.14,1
2023-02-23,18.12,10.9,26.3,63.54,7,0.0,0.0,66.75,1
2023-02-24,17.89,9.0,26.3,60.17,3,0.0,0.0,64.0,1
2023-02-25,18.56,10.6,26.9,66.58,5,0.0,0.0,63.43,0
2023-02-26,18.21,11.5,26.2,71.46,9,0.2,0.2,66.07,0
2023-02-27,18.62,11.3,27.4,63.42,8,0.0,0.2,67.15,1
2023-02-28,16.85,12.2,21.7,65.92,0,8.8,9.0,66.93,0
2023-03-01,19.32,14.4,26.3,68.62,8,2.8,11.6,65.99,0
2023-03-02,19.73,13.3,27.6,62.96,3,0.0,11.6,65.83,0
2023-03-03,19.6,13.9,27.2,65.12,3,0.0,2.8,65.57,0
2023-03-04,19.58,13.3,26.7,63.96,1,0.0,0.0,64.01,0
2023-03-05,19.63,13.8,26.8,64.38,5,0.0,0.0,64.49,0
2023-03-06,19.92,13.2,27.8,56.88,1,0.0,0.0,61.74,0
2023-03-07,19.94,11.6,27.8,57.67,0,0.0,0.0,59.64,0
2023-03-08,19.6,12.3,27.5,62.75,1,0.0,0.0,59.1,0
2023-03-09,20.01,13.3,27.7,64.21,6,0.0,0.0,61.54,0
2023-03-10,21.01,13.6,28.5,64.5,5,0.0,0.0,63.82,0
2023-03-11,21.5,14.3,29.1,66.58,7,0.0,0.0,65.1,0
2023-03-12,21.54,14.9,29.2,67.04,5,0.2,0.2,66.04,0
2023-03-13,21.81,16.6,29.0,70.0,3,1.6,1.8,67.87,0
2023-03-14,21.74,15.3,29.3,69.08,6,0.0,1.8,68.71,0
2023-03-15,21.95,14.8,29.8,64.79,4,0.0,1.6,67.96,0
2023-03-16,21.59,16.0,28.8,64.0,1,0.5,0.5,65.96,0
2023-03-17,19.08,15.5,24.9,70.25,4,0.4,0.9,66.35,1
2023-03-18,17.73,15.1,23.1,82.04,11,16.2,17.1,72.1,1
2023-03-19,18.45,13.0,24.4,81.54,12,2.1,18.7,77.94,1
2023-03-20,17.78,14.3,23.1,87.12,15,20.0,38.3,83.57,1
2023-03-21,18.01,12.9,23.9,78.75,13,0.8,22.9,82.47,1
2023-03-22,18.76,12.6,25.0,76.54,9,0.0,20.8,80.8,1
2023-03-23,19.25,13.6,25.4,73.75,8,0.0,0.8,76.35,1
2023-03-24,17.66,13.4,22.9,84.21,12,13.0,13.0,78.17,1
2023-03-25,18.43,14.7,24.0,81.75,14,21.2,34.2,79.9,1
2023-03-26,18.32,12.7,24.5,74.67,11,0.0,34.2,80.21,1
2023-03-27,18.65,12.4,25.0,73.21,8,0.0,21.2,76.54,1
2023-03-28,20.36,13.4,26.6,65.92,4,0.0,0.0,71.27,1
2023-03-29,20.92,13.6,28.1,69.25,6,0.0,0.0,69.46,1
2023-03-30,21.77,16.7,29.1,64.5,2,0.0,0.0,66.56,1
2023-03-31,18.22,16.2,20.8,84.08,14,6.4,6.4,72.61,1
2023-04-01,17.69,14.8,23.1,86.79,17,21.6,28.0,78.46,1
2023-04-02,19.07,12.9,25.4,78.42,9,0.1,28.1,83.1,1
2023-04-03,18.81,13.8,23.6,78.04,6,5.4,27.1,81.08,1
2023-04-04,19.4,13.6,26.5,73.29,9,0.7,6.2,76.58,1
2023-04-05,20.29,12.6,27.7,64.62,8,0.0,6.1,71.98,1
2023-04-06,21.05,13.5,28.2,58.0,2,0.0,0.7,65.3,1
2023-04-07,20.46,13.1,29.1,57.33,0,0.0,0.0,59.98,0
2023-04-08,21.95,12.9,30.4,53.12,0,0.0,0.0,56.15,0
2023-04-09,23.06,14.3,31.5,48.46,0,0.0,0.0,52.97,0
2023-04-10,24.08,15.5,32.5,44.46,0,0.0,0.0,48.68,0
2023-04-11,24.97,16.9,33.7,43.29,0,0.0,0.0,45.4,0
2023-04-12,26.18,17.8,34.7,41.04,0,0.0,0.0,42.93,0
2023-04-13,26.61,17.7,35.2,42.21,0,0.0,0.0,42.18,0
2023-04-14,27.48,18.6,36.8,39.46,0,0.0,0.0,40.9,0
2023-04-15,28.65,19.2,37.1,34.58,0,0.0,0.0,38.75,0
2023-04-16,28.21,20.9,36.9,34.79,0,0.0,0.0,36.28,0
2023-04-17,29.11,19.4,37.4,34.0,0,0.0,0.0,34.46,0
2023-04-18,27.92,22.5,35.7,40.42,0,2.1,2.1,36.4,0
2023-04-19,24.97,20.7,29.9,57.54,2,20.2,22.3,43.99,0
2023-04-20,23.65,18.4,29.2,55.58,0,0.0,22.3,51.18,0
2023-04-21,22.83,16.7,29.3,51.71,0,0.8,21.0,54.94,0
2023-04-22,22.79,15.2,29.3,47.71,0,0.0,0.8,51.67,0
2023-04-23,23.32,14.7,31.5,43.21,0,0.0,0.8,47.54,0
2023-04-24,24.44,15.8,32.6,42.92,0,0.0,0.0,44.61,0
2023-04-25,25.7,19.0,33.0,42.0,0,0.0,0.0,42.71,0
2023-04-26,25.9,18.3,32.5,44.79,0,0.0,0.0,43.24,0
2023-04-27,25.66,19.9,33.5,44.79,0,0.3,0.3,43.86,0
2023-04-28,25.66,17.8,32.8,46.58,0,0.0,0.3,45.39,0
2023-04-29,26.62,20.2,34.1,43.83,0,0.0,0.3,45.07,0
2023-04-30,24.77,19.6,30.2,57.5,1,3.2,3.2,49.3,0
2023-05-01,21.92,19.4,26.3,74.96,7,15.4,18.6,58.76,1
2023-05-02,20.9,18.2,25.9,78.5,12,11.4,30.0,70.32,1
2023-05-03,21.5,17.6,27.7,80.54,12,14.2,41.0,78.0,1
2023-05-04,23.02,17.1,28.8,71.25,8,2.6,28.2,76.76,1
2023-05-05,24.53,19.1,30.3,59.96,1,0.0,16.8,70.58,1
2023-05-06,25.52,20.0,31.7,50.5,0,0.2,2.8,60.57,1
2023-05-07,25.42,19.1,33.5,47.75,0,0.0,0.2,52.74,0
2023-05-08,24.56,19.1,32.7,47.12,0,0.0,0.2,48.46,0
2023-05-09,25.03,17.5,32.5,41.38,0,0.0,0.0,45.42,0
2023-05-10,25.2,17.1,33.6,42.79,0,0.0,0.0,43.76,0
2023-05-11,27.4,17.9,35.6,42.62,0,0.0,0.0,42.26,0
2023-05-12,27.96,18.5,37.3,40.96,0,0.0,0.0,42.12,0
2023-05-13,29.05,19.9,37.8,39.08,0,0.0,0.0,40.89,0
2023-05-14,30.11,21.1,38.3,32.08,0,0.0,0.0,37.37,0
2023-05-15,30.25,22.7,38.2,31.08,0,0.0,0.0,34.08,0
2023-05-16,29.49,20.7,37.4,34.83,0,0.0,0.0,32.66,0
2023-05-17,30.3,22.2,38.2,36.92,0,0.2,0.2,34.28,0
2023-05-18,26.85,20.7,33.1,50.29,2,3.2,3.4,40.68,0
2023-05-19,28.04,20.5,35.1,47.42,0,0.0,3.4,44.88,0
2023-05-20,29.48,21.8,37.7,43.83,0,0.0,3.2,47.18,0
2023-05-21,30.57,21.1,39.0,41.67,0,0.0,0.0,44.31,0
2023-05-22,31.52,22.6,40.3,38.12,0,0.0,0.0,41.21,0
2023-05-23,30.85,24.8,39.8,45.83,0,8.0,8.0,41.87,0
2023-05-24,26.0,22.1,31.9,64.33,1,18.5,26.5,49.43,0
2023-05-25,26.25,21.4,32.4,65.54,5,1.0,27.5,58.57,0
2023-05-26,24.96,20.5,30.1,69.54,5,2.5,22.0,66.47,0
2023-05-27,26.13,20.4,32.5,63.25,1,1.1,4.6,66.11,0
2023-05-28,27.43,21.0,33.5,55.62,0,0.0,3.6,62.8,0
2023-05-29,26.08,21.9,31.6,66.62,3,2.1,3.2,61.83,0
2023-05-30,26.35,21.7,31.3,64.25,3,0.0,2.1,62.16,0
2023-05-31,22.5,20.2,26.8,85.38,15,37.9,40.0,72.08,0
2023-06-01,23.55,18.5,28.8,76.29,8,0.3,38.2,75.31,0
2023-06-02,24.05,19.3,29.2,70.42,7,1.0,39.2,77.36,0
2023-06-03,26.68,20.6,32.2,61.54,1,0.0,1.3,69.42,0
2023-06-04,28.23,21.7,33.8,59.42,0,0.1,1.1,63.79,0
2023-06-05,28.76,22.1,35.8,55.17,0,0.0,0.1,58.71,0
2023-06-06,28.15,22.4,35.4,53.75,0,0.6,0.7,56.11,0
2023-06-07,27.25,23.1,33.2,60.79,0,0.8,1.4,56.57,0
2023-06-08,29.28,23.4,36.4,54.54,0,0.0,1.4,56.36,0
2023-06-09,30.61,22.8,38.1,51.21,0,0.0,0.8,55.51,0
2023-06-10,31.64,24.2,37.9,50.38,0,1.3,1.3,52.04,0
2023-06-11,30.32,24.6,36.8,58.62,0,0.0,1.3,53.4,0
2023-06-12,31.18,24.3,37.6,58.67,0,0.1,1.4,55.89,0
2023-06-13,31.54,26.3,39.5,59.12,0,0.0,0.1,58.8,0
2023-06-14,29.63,24.9,35.0,65.21,0,1.5,1.6,61.0,0
2023-06-15,28.05,24.4,33.2,72.17,5,2.8,4.3,65.5,0
2023-06-16,29.78,24.2,35.4,64.75,2,0.0,4.3,67.38,0
2023-06-17,31.62,25.2,37.0,60.62,2,0.0,2.8,65.85,0
2023-06-18,30.88,26.8,35.6,65.42,0,1.0,1.0,63.6,0
2023-06-19,32.16,26.4,37.8,59.5,2,0.0,1.0,61.85,0
2023-06-20,32.83,26.8,38.2,59.67,0,0.0,1.0,61.53,0
2023-06-21,33.03,28.2,38.0,59.42,0,0.0,0.0,59.53,0
2023-06-22,32.02,26.9,37.4,71.12,5,5.2,5.2,63.4,0
2023-06-23,32.26,28.0,37.0,69.12,3,0.1,5.3,66.55,0
2023-06-24,31.6,26.5,37.2,69.04,3,0.0,5.3,69.76,0
2023-06-25,29.94,25.6,35.4,74.12,3,11.1,11.2,70.76,0
2023-06-26,27.85,24.7,32.6,81.42,13,15.0,26.1,74.86,0
2023-06-27,28.7,25.0,33.5,78.79,9,4.5,30.6,78.11,0
2023-06-28,29.52,26.0,34.2,78.08,11,0.8,20.3,79.43,0
2023-06-29,28.83,26.1,32.8,80.33,11,7.1,12.4,79.07,0
2023-06-30,29.07,24.0,33.8,78.42,9,1.4,9.3,78.94,0
2023-07-01,29.14,23.9,34.2,76.96,10,0.0,8.5,78.57,0
2023-07-02,29.87,24.9,35.2,75.17,8,0.0,1.4,76.85,0
2023-07-03,31.36,27.2,36.2,72.25,1,3.1,3.1,74.79,0
2023-07-04,30.08,25.8,35.8,78.38,5,31.9,35.0,75.27,0
2023-07-05,26.57,25.0,28.8,89.88,22,21.5,56.5,80.17,0
2023-07-06,27.12,23.4,33.2,84.88,14,16.9,70.3,84.38,0
2023-07-07,27.84,24.7,31.2,83.29,13,5.7,44.1,86.02,0
2023-07-08,25.82,24.1,27.8,91.92,24,41.5,64.1,86.7,0
2023-07-09,25.79,23.7,28.6,89.67,19,81.6,128.8,88.29,0
2023-07-10,25.44,24.1,27.3,89.29,20,2.4,125.5,90.29,0
2023-07-11,28.03,23.3,33.1,81.83,13,0.2,84.2,86.93,0
2023-07-12,28.96,24.6,33.9,80.58,11,0.8,3.4,83.9,0
2023-07-13,29.13,25.0,33.2,80.29,12,0.3,1.3,80.9,0
2023-07-14,29.18,26.1,32.8,81.71,13,1.0,2.1,80.86,0
2023-07-15,29.87,26.3,34.2,79.92,10,0.8,2.1,80.64,0
2023-07-16,28.13,25.7,31.9,87.83,14,16.9,18.7,83.15,0
2023-07-17,29.0,26.3,33.4,86.0,16,1.2,18.9,84.58,0
2023-07-18,28.96,26.4,32.7,86.04,15,3.4,21.5,86.62,0
2023-07-19,28.16,26.6,31.6,85.96,17,6.3,10.9,86.0,0
2023-07-20,30.21,26.2,34.1,79.33,12,0.0,9.7,83.78,0
2023-07-21,30.73,28.0,35.2,80.96,14,0.2,6.5,82.08,0
2023-07-22,28.21,26.4,31.2,88.04,17,30.7,30.9,82.78,0
2023-07-23,29.36,25.7,33.1,80.92,11,6.9,37.8,83.31,0
2023-07-24,29.41,26.0,32.4,84.17,13,3.3,40.9,84.38,0
2023-07-25,29.82,26.6,33.3,82.12,12,3.2,13.4,82.4,0
2023-07-26,27.82,25.7,31.4,86.04,15,5.8,12.3,84.11,0
2023-07-27,28.33,25.7,31.1,84.46,11,5.7,14.7,84.21,0
2023-07-28,28.12,25.0,31.3,85.08,14,7.4,18.9,85.19,0
2023-07-29,28.28,25.5,31.9,84.62,14,2.9,16.0,84.72,0
2023-07-30,28.92,24.6,33.2,82.21,12,0.4,10.7,83.97,0
2023-07-31,29.78,26.3,33.5,80.38,11,0.8,4.1,82.4,0
2023-08-01,30.48,26.3,34.5,80.33,11,0.2,1.4,80.97,0
2023-08-02,30.23,27.0,34.8,81.67,13,3.1,4.1,80.79,0
2023-08-03,29.55,25.7,33.7,83.33,14,0.1,3.4,81.78,0
2023-08-04,29.49,26.2,34.2,83.96,13,2.9,6.1,82.99,0
2023-08-05,29.38,26.3,33.2,85.46,14,7.7,10.7,84.25,0
2023-08-06,28.97,26.5,33.2,85.12,12,6.2,16.8,84.85,0
2023-08-07,29.05,25.2,33.3,82.42,13,0.9,14.8,84.33,0
2023-08-08,29.78,26.0,33.6,81.38,12,0.3,7.4,82.97,0
2023-08-09,29.44,25.5,33.8,80.46,13,6.0,7.2,81.42,0
2023-08-10,28.62,25.3,32.5,85.92,15,5.5,11.8,82.59,0
2023-08-11,28.9,25.8,33.2,85.5,14,14.0,25.5,83.96,0
2023-08-12,29.49,26.1,33.1,83.25,10,0.8,20.3,84.89,0
2023-08-13,29.19,25.3,33.8,82.25,14,7.2,22.0,83.67,0
2023-08-14,27.94,25.1,31.9,85.25,12,8.7,16.7,83.58,0
2023-08-15,28.51,24.4,32.9,79.58,12,1.1,17.0,82.36,0
2023-08-16,29.38,25.7,33.6,80.17,12,0.1,9.9,81.67,0
2023-08-17,29.36,25.8,33.4,82.29,12,2.0,3.2,80.68,0
2023-08-18,30.11,26.3,34.4,81.96,13,0.1,2.2,81.47,0
2023-08-19,29.62,26.7,33.1,83.5,13,1.8,3.9,82.58,0
2023-08-20,30.12,26.5,33.6,83.5,12,3.5,5.4,82.99,0
2023-08-21,30.32,26.8,34.7,82.12,13,2.2,7.5,83.04,0
2023-08-22,30.62,26.2,35.9,79.12,10,0.3,6.0,81.58,0
2023-08-23,28.85,25.9,32.8,80.75,8,1.7,4.2,80.66,0
2023-08-24,28.48,25.0,32.3,80.71,12,2.9,4.9,80.19,0
2023-08-25,28.14,24.1,33.0,80.83,12,2.2,6.8,80.76,0
2023-08-26,27.12,23.2,31.2,83.0,12,7.5,12.6,81.51,0
2023-08-27,28.73,24.5,33.1,75.79,9,0.0,9.7,79.87,0
2023-08-28,27.43,22.4,32.1,79.71,11,0.6,8.1,79.5,0
2023-08-29,28.61,24.2,33.6,76.17,10,0.4,1.0,77.22,0
2023-08-30,28.89,24.6,34.3,74.0,7,0.0,1.0,76.63,0
2023-08-31,29.8,24.3,34.8,73.88,7,0.0,0.4,74.68,0
2023-09-01,30.8,26.0,35.7,70.0,6,0.0,0.0,72.63,0
2023-09-02,30.45,25.6,35.8,68.92,8,0.0,0.0,70.93,0
2023-09-03,30.35,25.9,34.9,65.25,0,0.0,0.0,68.06,0
2023-09-04,30.2,25.1,35.5,66.92,4,0.0,0.0,67.03,0
2023-09-05,29.52,24.9,34.9,72.0,8,0.0,0.0,68.06,0
2023-09-06,29.94,24.2,35.7,68.08,5,0.0,0.0,69.0,0
2023-09-07,30.59,24.4,36.8,66.62,5,0.0,0.0,68.9,0
2023-09-08,30.03,25.4,34.9,68.58,1,0.2,0.2,67.76,0
2023-09-09,28.76,23.7,33.4,76.67,7,3.8,4.0,70.62,0
2023-09-10,28.54,25.0,33.0,78.33,9,0.3,4.3,74.53,0
2023-09-11,29.2,25.2,33.8,72.83,2,0.0,4.1,75.94,0
2023-09-12,29.58,26.0,33.8,77.38,11,3.5,3.8,76.18,0
2023-09-13,29.3,25.6,34.2,79.83,12,2.7,6.2,76.68,0
2023-09-14,29.66,26.1,33.6,79.25,11,8.6,14.8,78.82,0
2023-09-15,28.13,25.0,32.1,84.04,14,14.3,25.6,81.04,0
2023-09-16,28.65,24.5,33.3,80.54,10,0.2,23.1,81.28,0
2023-09-17,27.0,24.9,31.2,88.21,18,17.1,31.6,84.26,0
2023-09-18,26.63,24.3,30.2,83.75,15,19.8,37.1,84.17,0
2023-09-19,26.95,23.7,31.9,84.25,16,22.3,59.2,85.4,0
2023-09-20,28.31,25.1,32.6,78.92,9,0.6,42.7,82.31,0
2023-09-21,28.69,24.6,33.2,78.54,10,1.0,23.9,80.57,0
2023-09-22,27.92,23.6,32.8,80.83,14,1.3,2.9,79.43,0
2023-09-23,27.33,24.1,31.6,83.42,12,6.3,8.6,80.93,0
2023-09-24,26.92,23.5,31.2,83.17,14,0.0,7.6,82.47,0
2023-09-25,25.63,21.0,30.9,85.96,15,3.1,9.4,84.18,0
2023-09-26,26.14,21.2,31.6,77.88,10,0.0,3.1,82.34,0
2023-09-27,25.75,21.0,31.9,76.75,10,0.0,3.1,80.2,1
2023-09-28,26.35,20.9,32.1,73.79,6,0.0,0.0,76.14,1
2023-09-29,26.38,20.2,32.4,73.92,8,0.0,0.0,74.82,1
2023-09-30,25.57,20.3,32.5,72.92,7,0.0,0.0,73.54,0
2023-10-01,24.54,19.1,31.9,72.0,8,0.0,0.0,72.95,0
2023-10-02,24.95,18.5,31.7,63.79,3,0.0,0.0,69.57,0
2023-10-03,24.85,18.4,32.1,66.67,0,0.0,0.0,67.49,0
2023-10-04,24.53,18.4,32.2,73.83,7,0.0,0.0,68.1,0
2023-10-05,25.2,17.9,32.2,71.75,7,0.0,0.0,70.75,0
2023-10-06,25.79,19.5,32.7,69.29,9,0.0,0.0,71.62,0
2023-10-07,26.04,19.3,33.4,69.54,7,0.0,0.0,70.19,0
2023-10-08,27.1,21.4,33.2,70.0,6,0.0,0.0,69.61,0
2023-10-09,26.92,22.2,33.1,69.83,8,0.0,0.0,69.79,0
2023-10-10,24.83,19.9,31.1,66.83,2,0.0,0.0,68.89,0
2023-10-11,23.2,17.7,30.5,73.75,8,0.0,0.0,70.14,0
2023-10-12,24.71,19.5,30.7,65.67,3,0.0,0.0,68.75,0
2023-10-13,24.42,18.0,31.1,71.46,9,0.0,0.0,70.29,0
2023-10-14,22.83,19.8,28.0,80.92,11,1.8,1.8,72.68,1
2023-10-15,23.32,19.2,30.3,71.04,4,1.3,3.1,74.47,1
2023-10-16,20.35,18.1,24.3,82.5,10,9.9,13.0,78.15,1
2023-10-17,19.1,16.0,24.3,80.17,13,0.0,11.2,77.9,1
2023-10-18,19.15,14.0,26.1,74.17,9,0.0,9.9,78.95,1
2023-10-19,19.7,14.2,26.8,76.75,9,0.0,0.0,77.03,1
2023-10-20,20.89,14.8,28.2,76.21,10,0.0,0.0,75.71,1
2023-10-21,21.94,16.0,28.4,72.92,9,0.0,0.0,75.29,1
2023-10-22,21.09,15.7,27.0,76.42,8,8.2,8.2,75.18,1
2023-10-23,21.37,16.3,28.6,75.0,9,0.0,8.2,74.78,1
2023-10-24,21.7,15.3,28.6,72.0,5,0.0,8.2,74.47,1
2023-10-25,21.79,15.3,29.1,72.67,7,0.0,0.0,73.22,1
2023-10-26,21.48,15.3,28.8,74.17,9,0.0,0.0,72.95,1
2023-10-27,21.86,16.2,28.9,71.25,6,0.0,0.0,72.7,1
2023-10-28,22.02,15.7,29.0,75.42,12,0.0,0.0,73.61,1
2023-10-29,22.85,16.6,29.1,73.42,9,0.0,0.0,73.36,1
2023-10-30,22.78,17.5,29.1,74.12,7,0.0,0.0,74.32,1
2023-10-31,23.17,18.1,29.4,74.58,8,0.0,0.0,74.04,1
2023-11-01,22.2,15.9,28.5,71.08,8,0.0,0.0,73.26,1
2023-11-02,22.08,16.2,28.9,71.58,8,0.0,0.0,72.41,1
2023-11-03,20.73,16.0,27.8,74.79,8,0.0,0.0,72.48,1
2023-11-04,21.31,15.0,28.8,69.33,4,0.0,0.0,71.9,1
2023-11-05,21.35,15.0,28.3,70.33,9,0.0,0.0,71.48,1
2023-11-06,20.47,13.9,27.7,72.71,9,0.0,0.0,70.79,1
2023-11-07,20.65,15.0,27.7,76.42,11,0.0,0.0,73.15,1
2023-11-08,21.04,16.3,27.6,75.75,9,0.0,0.0,74.96,1
2023-11-09,20.8,15.0,27.8,71.21,6,0.0,0.0,74.46,1
2023-11-10,17.16,14.5,20.8,87.38,17,9.0,9.0,78.11,1
2023-11-11,16.82,12.5,23.8,82.83,15,0.0,9.0,80.47,1
2023-11-12,17.0,11.5,24.3,80.46,14,0.0,9.0,83.56,1
2023-11-13,17.76,12.3,24.4,80.04,11,0.0,0.0,81.11,1
2023-11-14,17.38,12.5,24.5,83.38,13,0.0,0.0,81.29,1
2023-11-15,17.42,11.6,24.9,83.92,15,0.0,0.0,82.45,1
2023-11-16,17.46,12.2,24.6,85.79,16,0.0,0.0,84.36,1
2023-11-17,17.8,13.1,25.4,83.54,14,0.0,0.0,84.42,1
2023-11-18,17.35,11.7,25.4,79.08,13,0.0,0.0,82.8,1
2023-11-19,17.79,11.6,25.4,78.88,11,0.0,0.0,80.5,1
2023-11-20,17.67,13.0,25.0,79.38,12,0.0,0.0,79.11,1
2023-11-21,16.3,10.7,24.2,78.21,13,0.0,0.0,78.82,1
2023-11-22,16.47,10.5,24.0,76.88,11,0.0,0.0,78.16,1
2023-11-23,16.37,10.2,23.8,75.88,9,0.0,0.0,76.99,1
2023-11-24,16.66,12.3,23.9,78.0,11,0.0,0.0,76.92,1
2023-11-25,15.85,10.0,23.1,82.17,13,0.0,0.0,78.68,1
2023-11-26,16.9,12.1,23.6,80.04,11,0.0,0.0,80.07,1
2023-11-27,16.25,12.9,22.4,81.46,14,4.0,4.0,81.22,1
2023-11-28,16.56,11.8,23.4,82.25,12,0.0,4.0,81.25,1
2023-11-29,17.32,12.0,23.9,79.67,11,0.0,4.0,81.13,1
2023-11-30,16.03,13.7,20.2,88.04,17,6.6,6.6,83.32,1
2023-12-01,15.42,11.5,22.4,85.88,16,0.0,6.6,84.53,1
2023-12-02,15.82,11.0,22.4,83.5,14,0.0,6.6,85.81,1
2023-12-03,15.62,10.5,21.9,87.12,16,0.0,0.0,85.5,1
2023-12-04,15.03,11.0,21.0,87.67,15,0.0,0.0,86.1,1
2023-12-05,14.8,10.7,21.6,85.42,16,0.0,0.0,86.74,1
2023-12-06,14.53,9.8,21.8,88.42,18,0.0,0.0,87.17,1
2023-12-07,14.4,9.6,21.6,87.75,16,0.0,0.0,87.2,1
2023-12-08,13.84,9.3,20.5,86.17,13,0.0,0.0,87.45,1
2023-12-09,12.95,8.0,20.1,86.42,18,0.0,0.0,86.78,1
2023-12-10,12.33,6.6,19.9,83.38,14,0.0,0.0,85.32,1
2023-12-11,13.05,7.3,20.4,80.0,13,0.0,0.0,83.27,1
2023-12-12,12.98,7.3,20.4,79.04,10,0.0,0.0,80.81,1
2023-12-13,13.15,6.7,20.0,78.42,11,0.0,0.0,79.15,1
2023-12-14,12.08,6.6,19.9,82.71,15,0.0,0.0,80.06,1
2023-12-15,12.63,8.5,19.2,81.25,14,0.0,0.0,80.79,1
2023-12-16,12.5,7.7,19.1,83.17,14,0.0,0.0,82.38,1
2023-12-17,12.29,7.3,19.4,79.54,14,0.0,0.0,81.32,1
2023-12-18,10.84,5.3,18.4,86.54,17,0.0,0.0,83.08,1
2023-12-19,10.74,5.3,18.6,85.75,16,0.0,0.0,83.94,1
2023-12-20,11.08,5.6,18.3,83.46,14,0.0,0.0,85.25,1
2023-12-21,11.55,5.0,19.0,84.33,14,0.0,0.0,84.51,1
2023-12-22,11.12,4.5,18.2,90.0,18,0.0,0.0,85.93,1
2023-12-23,13.9,7.2,21.7,82.88,14,0.0,0.0,85.74,1
2023-12-24,13.26,7.1,20.5,84.96,17,0.0,0.0,85.95,1
2023-12-25,13.19,9.1,19.3,82.33,12,0.0,0.0,83.39,1
2023-12-26,13.01,6.5,20.3,83.67,14,0.0,0.0,83.65,1
2023-12-27,11.27,5.4,19.6,89.12,18,0.0,0.0,85.04,1
2023-12-28,11.51,7.7,17.4,94.25,20,0.0,0.0,89.01,1
2023-12-29,10.94,7.9,17.5,93.62,19,0.0,0.0,92.33,1
2023-12-30,10.85,8.1,16.8,92.71,19,0.0,0.0,93.53,1
2023-12-31,10.3,7.7,15.5,93.5,20,0.0,0.0,93.28,0
2024-01-01,9.45,5.5,14.7,93.04,20,0.0,0.0,93.08,0
